dataset,config,label_level,tagging_scheme,split_name,k,seed,entity_type,mention_count,target_k,meets_k,train_sentences,total_entity_mentions,share_of_mentions
fewnerd,supervised,fine,BIO,k10_seed142,10,142,art-broadcastprogram,10,10,True,295,1002,0.00998003992015968
fewnerd,supervised,fine,BIO,k10_seed142,10,142,art-film,11,10,True,295,1002,0.010978043912175649
fewnerd,supervised,fine,BIO,k10_seed142,10,142,art-music,13,10,True,295,1002,0.012974051896207584
fewnerd,supervised,fine,BIO,k10_seed142,10,142,art-other,10,10,True,295,1002,0.00998003992015968
fewnerd,supervised,fine,BIO,k10_seed142,10,142,art-painting,10,10,True,295,1002,0.00998003992015968
fewnerd,supervised,fine,BIO,k10_seed142,10,142,art-writtenart,11,10,True,295,1002,0.010978043912175649
fewnerd,supervised,fine,BIO,k10_seed142,10,142,building-airport,13,10,True,295,1002,0.012974051896207584
fewnerd,supervised,fine,BIO,k10_seed142,10,142,building-hospital,10,10,True,295,1002,0.00998003992015968
fewnerd,supervised,fine,BIO,k10_seed142,10,142,building-hotel,11,10,True,295,1002,0.010978043912175649
fewnerd,supervised,fine,BIO,k10_seed142,10,142,building-library,11,10,True,295,1002,0.010978043912175649
fewnerd,supervised,fine,BIO,k10_seed142,10,142,building-other,19,10,True,295,1002,0.018962075848303395
fewnerd,supervised,fine,BIO,k10_seed142,10,142,building-restaurant,10,10,True,295,1002,0.00998003992015968
fewnerd,supervised,fine,BIO,k10_seed142,10,142,building-sportsfacility,10,10,True,295,1002,0.00998003992015968
fewnerd,supervised,fine,BIO,k10_seed142,10,142,building-theater,18,10,True,295,1002,0.017964071856287425
fewnerd,supervised,fine,BIO,k10_seed142,10,142,event-attack/battle/war/militaryconflict,11,10,True,295,1002,0.010978043912175649
fewnerd,supervised,fine,BIO,k10_seed142,10,142,event-disaster,11,10,True,295,1002,0.010978043912175649
fewnerd,supervised,fine,BIO,k10_seed142,10,142,event-election,10,10,True,295,1002,0.00998003992015968
fewnerd,supervised,fine,BIO,k10_seed142,10,142,event-other,13,10,True,295,1002,0.012974051896207584
fewnerd,supervised,fine,BIO,k10_seed142,10,142,event-protest,13,10,True,295,1002,0.012974051896207584
fewnerd,supervised,fine,BIO,k10_seed142,10,142,event-sportsevent,10,10,True,295,1002,0.00998003992015968
fewnerd,supervised,fine,BIO,k10_seed142,10,142,location-GPE,153,10,True,295,1002,0.15269461077844312
fewnerd,supervised,fine,BIO,k10_seed142,10,142,location-bodiesofwater,11,10,True,295,1002,0.010978043912175649
fewnerd,supervised,fine,BIO,k10_seed142,10,142,location-island,14,10,True,295,1002,0.013972055888223553
fewnerd,supervised,fine,BIO,k10_seed142,10,142,location-mountain,10,10,True,295,1002,0.00998003992015968
fewnerd,supervised,fine,BIO,k10_seed142,10,142,location-other,11,10,True,295,1002,0.010978043912175649
fewnerd,supervised,fine,BIO,k10_seed142,10,142,location-park,13,10,True,295,1002,0.012974051896207584
fewnerd,supervised,fine,BIO,k10_seed142,10,142,location-road/railway/highway/transit,10,10,True,295,1002,0.00998003992015968
fewnerd,supervised,fine,BIO,k10_seed142,10,142,organization-company,29,10,True,295,1002,0.028942115768463075
fewnerd,supervised,fine,BIO,k10_seed142,10,142,organization-education,23,10,True,295,1002,0.022954091816367265
fewnerd,supervised,fine,BIO,k10_seed142,10,142,organization-government/governmentagency,11,10,True,295,1002,0.010978043912175649
fewnerd,supervised,fine,BIO,k10_seed142,10,142,organization-media/newspaper,11,10,True,295,1002,0.010978043912175649
fewnerd,supervised,fine,BIO,k10_seed142,10,142,organization-other,24,10,True,295,1002,0.023952095808383235
fewnerd,supervised,fine,BIO,k10_seed142,10,142,organization-politicalparty,11,10,True,295,1002,0.010978043912175649
fewnerd,supervised,fine,BIO,k10_seed142,10,142,organization-religion,13,10,True,295,1002,0.012974051896207584
fewnerd,supervised,fine,BIO,k10_seed142,10,142,organization-showorganization,10,10,True,295,1002,0.00998003992015968
fewnerd,supervised,fine,BIO,k10_seed142,10,142,organization-sportsleague,11,10,True,295,1002,0.010978043912175649
fewnerd,supervised,fine,BIO,k10_seed142,10,142,organization-sportsteam,11,10,True,295,1002,0.010978043912175649
fewnerd,supervised,fine,BIO,k10_seed142,10,142,other-astronomything,10,10,True,295,1002,0.00998003992015968
fewnerd,supervised,fine,BIO,k10_seed142,10,142,other-award,13,10,True,295,1002,0.012974051896207584
fewnerd,supervised,fine,BIO,k10_seed142,10,142,other-biologything,14,10,True,295,1002,0.013972055888223553
fewnerd,supervised,fine,BIO,k10_seed142,10,142,other-chemicalthing,10,10,True,295,1002,0.00998003992015968
fewnerd,supervised,fine,BIO,k10_seed142,10,142,other-currency,10,10,True,295,1002,0.00998003992015968
fewnerd,supervised,fine,BIO,k10_seed142,10,142,other-disease,11,10,True,295,1002,0.010978043912175649
fewnerd,supervised,fine,BIO,k10_seed142,10,142,other-educationaldegree,11,10,True,295,1002,0.010978043912175649
fewnerd,supervised,fine,BIO,k10_seed142,10,142,other-god,14,10,True,295,1002,0.013972055888223553
fewnerd,supervised,fine,BIO,k10_seed142,10,142,other-language,11,10,True,295,1002,0.010978043912175649
fewnerd,supervised,fine,BIO,k10_seed142,10,142,other-law,12,10,True,295,1002,0.011976047904191617
fewnerd,supervised,fine,BIO,k10_seed142,10,142,other-livingthing,13,10,True,295,1002,0.012974051896207584
fewnerd,supervised,fine,BIO,k10_seed142,10,142,other-medical,10,10,True,295,1002,0.00998003992015968
fewnerd,supervised,fine,BIO,k10_seed142,10,142,person-actor,15,10,True,295,1002,0.014970059880239521
fewnerd,supervised,fine,BIO,k10_seed142,10,142,person-artist/author,26,10,True,295,1002,0.02594810379241517
fewnerd,supervised,fine,BIO,k10_seed142,10,142,person-athlete,12,10,True,295,1002,0.011976047904191617
fewnerd,supervised,fine,BIO,k10_seed142,10,142,person-director,10,10,True,295,1002,0.00998003992015968
fewnerd,supervised,fine,BIO,k10_seed142,10,142,person-other,40,10,True,295,1002,0.03992015968063872
fewnerd,supervised,fine,BIO,k10_seed142,10,142,person-politician,18,10,True,295,1002,0.017964071856287425
fewnerd,supervised,fine,BIO,k10_seed142,10,142,person-scholar,15,10,True,295,1002,0.014970059880239521
fewnerd,supervised,fine,BIO,k10_seed142,10,142,person-soldier,11,10,True,295,1002,0.010978043912175649
fewnerd,supervised,fine,BIO,k10_seed142,10,142,product-airplane,10,10,True,295,1002,0.00998003992015968
fewnerd,supervised,fine,BIO,k10_seed142,10,142,product-car,16,10,True,295,1002,0.015968063872255488
fewnerd,supervised,fine,BIO,k10_seed142,10,142,product-food,14,10,True,295,1002,0.013972055888223553
fewnerd,supervised,fine,BIO,k10_seed142,10,142,product-game,10,10,True,295,1002,0.00998003992015968
fewnerd,supervised,fine,BIO,k10_seed142,10,142,product-other,10,10,True,295,1002,0.00998003992015968
fewnerd,supervised,fine,BIO,k10_seed142,10,142,product-ship,13,10,True,295,1002,0.012974051896207584
fewnerd,supervised,fine,BIO,k10_seed142,10,142,product-software,10,10,True,295,1002,0.00998003992015968
fewnerd,supervised,fine,BIO,k10_seed142,10,142,product-train,11,10,True,295,1002,0.010978043912175649
fewnerd,supervised,fine,BIO,k10_seed142,10,142,product-weapon,11,10,True,295,1002,0.010978043912175649
fewnerd,supervised,fine,BIO,k10_seed242,10,242,art-broadcastprogram,11,10,True,308,1027,0.010710808179162609
fewnerd,supervised,fine,BIO,k10_seed242,10,242,art-film,10,10,True,308,1027,0.009737098344693282
fewnerd,supervised,fine,BIO,k10_seed242,10,242,art-music,10,10,True,308,1027,0.009737098344693282
fewnerd,supervised,fine,BIO,k10_seed242,10,242,art-other,15,10,True,308,1027,0.014605647517039922
fewnerd,supervised,fine,BIO,k10_seed242,10,242,art-painting,10,10,True,308,1027,0.009737098344693282
fewnerd,supervised,fine,BIO,k10_seed242,10,242,art-writtenart,10,10,True,308,1027,0.009737098344693282
fewnerd,supervised,fine,BIO,k10_seed242,10,242,building-airport,10,10,True,308,1027,0.009737098344693282
fewnerd,supervised,fine,BIO,k10_seed242,10,242,building-hospital,10,10,True,308,1027,0.009737098344693282
fewnerd,supervised,fine,BIO,k10_seed242,10,242,building-hotel,11,10,True,308,1027,0.010710808179162609
fewnerd,supervised,fine,BIO,k10_seed242,10,242,building-library,11,10,True,308,1027,0.010710808179162609
fewnerd,supervised,fine,BIO,k10_seed242,10,242,building-other,26,10,True,308,1027,0.02531645569620253
fewnerd,supervised,fine,BIO,k10_seed242,10,242,building-restaurant,13,10,True,308,1027,0.012658227848101266
fewnerd,supervised,fine,BIO,k10_seed242,10,242,building-sportsfacility,10,10,True,308,1027,0.009737098344693282
fewnerd,supervised,fine,BIO,k10_seed242,10,242,building-theater,11,10,True,308,1027,0.010710808179162609
fewnerd,supervised,fine,BIO,k10_seed242,10,242,event-attack/battle/war/militaryconflict,11,10,True,308,1027,0.010710808179162609
fewnerd,supervised,fine,BIO,k10_seed242,10,242,event-disaster,13,10,True,308,1027,0.012658227848101266
fewnerd,supervised,fine,BIO,k10_seed242,10,242,event-election,10,10,True,308,1027,0.009737098344693282
fewnerd,supervised,fine,BIO,k10_seed242,10,242,event-other,10,10,True,308,1027,0.009737098344693282
fewnerd,supervised,fine,BIO,k10_seed242,10,242,event-protest,10,10,True,308,1027,0.009737098344693282
fewnerd,supervised,fine,BIO,k10_seed242,10,242,event-sportsevent,11,10,True,308,1027,0.010710808179162609
fewnerd,supervised,fine,BIO,k10_seed242,10,242,location-GPE,161,10,True,308,1027,0.15676728334956183
fewnerd,supervised,fine,BIO,k10_seed242,10,242,location-bodiesofwater,10,10,True,308,1027,0.009737098344693282
fewnerd,supervised,fine,BIO,k10_seed242,10,242,location-island,11,10,True,308,1027,0.010710808179162609
fewnerd,supervised,fine,BIO,k10_seed242,10,242,location-mountain,11,10,True,308,1027,0.010710808179162609
fewnerd,supervised,fine,BIO,k10_seed242,10,242,location-other,15,10,True,308,1027,0.014605647517039922
fewnerd,supervised,fine,BIO,k10_seed242,10,242,location-park,10,10,True,308,1027,0.009737098344693282
fewnerd,supervised,fine,BIO,k10_seed242,10,242,location-road/railway/highway/transit,11,10,True,308,1027,0.010710808179162609
fewnerd,supervised,fine,BIO,k10_seed242,10,242,organization-company,22,10,True,308,1027,0.021421616358325218
fewnerd,supervised,fine,BIO,k10_seed242,10,242,organization-education,19,10,True,308,1027,0.018500486854917234
fewnerd,supervised,fine,BIO,k10_seed242,10,242,organization-government/governmentagency,14,10,True,308,1027,0.013631937682570594
fewnerd,supervised,fine,BIO,k10_seed242,10,242,organization-media/newspaper,14,10,True,308,1027,0.013631937682570594
fewnerd,supervised,fine,BIO,k10_seed242,10,242,organization-other,19,10,True,308,1027,0.018500486854917234
fewnerd,supervised,fine,BIO,k10_seed242,10,242,organization-politicalparty,12,10,True,308,1027,0.011684518013631937
fewnerd,supervised,fine,BIO,k10_seed242,10,242,organization-religion,10,10,True,308,1027,0.009737098344693282
fewnerd,supervised,fine,BIO,k10_seed242,10,242,organization-showorganization,11,10,True,308,1027,0.010710808179162609
fewnerd,supervised,fine,BIO,k10_seed242,10,242,organization-sportsleague,10,10,True,308,1027,0.009737098344693282
fewnerd,supervised,fine,BIO,k10_seed242,10,242,organization-sportsteam,17,10,True,308,1027,0.016553067185978577
fewnerd,supervised,fine,BIO,k10_seed242,10,242,other-astronomything,11,10,True,308,1027,0.010710808179162609
fewnerd,supervised,fine,BIO,k10_seed242,10,242,other-award,10,10,True,308,1027,0.009737098344693282
fewnerd,supervised,fine,BIO,k10_seed242,10,242,other-biologything,11,10,True,308,1027,0.010710808179162609
fewnerd,supervised,fine,BIO,k10_seed242,10,242,other-chemicalthing,20,10,True,308,1027,0.019474196689386564
fewnerd,supervised,fine,BIO,k10_seed242,10,242,other-currency,11,10,True,308,1027,0.010710808179162609
fewnerd,supervised,fine,BIO,k10_seed242,10,242,other-disease,10,10,True,308,1027,0.009737098344693282
fewnerd,supervised,fine,BIO,k10_seed242,10,242,other-educationaldegree,10,10,True,308,1027,0.009737098344693282
fewnerd,supervised,fine,BIO,k10_seed242,10,242,other-god,10,10,True,308,1027,0.009737098344693282
fewnerd,supervised,fine,BIO,k10_seed242,10,242,other-language,14,10,True,308,1027,0.013631937682570594
fewnerd,supervised,fine,BIO,k10_seed242,10,242,other-law,10,10,True,308,1027,0.009737098344693282
fewnerd,supervised,fine,BIO,k10_seed242,10,242,other-livingthing,11,10,True,308,1027,0.010710808179162609
fewnerd,supervised,fine,BIO,k10_seed242,10,242,other-medical,11,10,True,308,1027,0.010710808179162609
fewnerd,supervised,fine,BIO,k10_seed242,10,242,person-actor,25,10,True,308,1027,0.024342745861733205
fewnerd,supervised,fine,BIO,k10_seed242,10,242,person-artist/author,27,10,True,308,1027,0.02629016553067186
fewnerd,supervised,fine,BIO,k10_seed242,10,242,person-athlete,12,10,True,308,1027,0.011684518013631937
fewnerd,supervised,fine,BIO,k10_seed242,10,242,person-director,13,10,True,308,1027,0.012658227848101266
fewnerd,supervised,fine,BIO,k10_seed242,10,242,person-other,55,10,True,308,1027,0.053554040895813046
fewnerd,supervised,fine,BIO,k10_seed242,10,242,person-politician,22,10,True,308,1027,0.021421616358325218
fewnerd,supervised,fine,BIO,k10_seed242,10,242,person-scholar,11,10,True,308,1027,0.010710808179162609
fewnerd,supervised,fine,BIO,k10_seed242,10,242,person-soldier,12,10,True,308,1027,0.011684518013631937
fewnerd,supervised,fine,BIO,k10_seed242,10,242,product-airplane,10,10,True,308,1027,0.009737098344693282
fewnerd,supervised,fine,BIO,k10_seed242,10,242,product-car,10,10,True,308,1027,0.009737098344693282
fewnerd,supervised,fine,BIO,k10_seed242,10,242,product-food,11,10,True,308,1027,0.010710808179162609
fewnerd,supervised,fine,BIO,k10_seed242,10,242,product-game,12,10,True,308,1027,0.011684518013631937
fewnerd,supervised,fine,BIO,k10_seed242,10,242,product-other,13,10,True,308,1027,0.012658227848101266
fewnerd,supervised,fine,BIO,k10_seed242,10,242,product-ship,11,10,True,308,1027,0.010710808179162609
fewnerd,supervised,fine,BIO,k10_seed242,10,242,product-software,11,10,True,308,1027,0.010710808179162609
fewnerd,supervised,fine,BIO,k10_seed242,10,242,product-train,11,10,True,308,1027,0.010710808179162609
fewnerd,supervised,fine,BIO,k10_seed242,10,242,product-weapon,12,10,True,308,1027,0.011684518013631937
fewnerd,supervised,fine,BIO,k10_seed42,10,42,art-broadcastprogram,12,10,True,314,1118,0.01073345259391771
fewnerd,supervised,fine,BIO,k10_seed42,10,42,art-film,14,10,True,314,1118,0.012522361359570662
fewnerd,supervised,fine,BIO,k10_seed42,10,42,art-music,12,10,True,314,1118,0.01073345259391771
fewnerd,supervised,fine,BIO,k10_seed42,10,42,art-other,12,10,True,314,1118,0.01073345259391771
fewnerd,supervised,fine,BIO,k10_seed42,10,42,art-painting,20,10,True,314,1118,0.017889087656529516
fewnerd,supervised,fine,BIO,k10_seed42,10,42,art-writtenart,10,10,True,314,1118,0.008944543828264758
fewnerd,supervised,fine,BIO,k10_seed42,10,42,building-airport,11,10,True,314,1118,0.009838998211091235
fewnerd,supervised,fine,BIO,k10_seed42,10,42,building-hospital,12,10,True,314,1118,0.01073345259391771
fewnerd,supervised,fine,BIO,k10_seed42,10,42,building-hotel,10,10,True,314,1118,0.008944543828264758
fewnerd,supervised,fine,BIO,k10_seed42,10,42,building-library,11,10,True,314,1118,0.009838998211091235
fewnerd,supervised,fine,BIO,k10_seed42,10,42,building-other,19,10,True,314,1118,0.01699463327370304
fewnerd,supervised,fine,BIO,k10_seed42,10,42,building-restaurant,12,10,True,314,1118,0.01073345259391771
fewnerd,supervised,fine,BIO,k10_seed42,10,42,building-sportsfacility,11,10,True,314,1118,0.009838998211091235
fewnerd,supervised,fine,BIO,k10_seed42,10,42,building-theater,13,10,True,314,1118,0.011627906976744186
fewnerd,supervised,fine,BIO,k10_seed42,10,42,event-attack/battle/war/militaryconflict,11,10,True,314,1118,0.009838998211091235
fewnerd,supervised,fine,BIO,k10_seed42,10,42,event-disaster,12,10,True,314,1118,0.01073345259391771
fewnerd,supervised,fine,BIO,k10_seed42,10,42,event-election,11,10,True,314,1118,0.009838998211091235
fewnerd,supervised,fine,BIO,k10_seed42,10,42,event-other,10,10,True,314,1118,0.008944543828264758
fewnerd,supervised,fine,BIO,k10_seed42,10,42,event-protest,10,10,True,314,1118,0.008944543828264758
fewnerd,supervised,fine,BIO,k10_seed42,10,42,event-sportsevent,11,10,True,314,1118,0.009838998211091235
fewnerd,supervised,fine,BIO,k10_seed42,10,42,location-GPE,172,10,True,314,1118,0.15384615384615385
fewnerd,supervised,fine,BIO,k10_seed42,10,42,location-bodiesofwater,10,10,True,314,1118,0.008944543828264758
fewnerd,supervised,fine,BIO,k10_seed42,10,42,location-island,11,10,True,314,1118,0.009838998211091235
fewnerd,supervised,fine,BIO,k10_seed42,10,42,location-mountain,10,10,True,314,1118,0.008944543828264758
fewnerd,supervised,fine,BIO,k10_seed42,10,42,location-other,19,10,True,314,1118,0.01699463327370304
fewnerd,supervised,fine,BIO,k10_seed42,10,42,location-park,10,10,True,314,1118,0.008944543828264758
fewnerd,supervised,fine,BIO,k10_seed42,10,42,location-road/railway/highway/transit,13,10,True,314,1118,0.011627906976744186
fewnerd,supervised,fine,BIO,k10_seed42,10,42,organization-company,19,10,True,314,1118,0.01699463327370304
fewnerd,supervised,fine,BIO,k10_seed42,10,42,organization-education,23,10,True,314,1118,0.020572450805008944
fewnerd,supervised,fine,BIO,k10_seed42,10,42,organization-government/governmentagency,11,10,True,314,1118,0.009838998211091235
fewnerd,supervised,fine,BIO,k10_seed42,10,42,organization-media/newspaper,12,10,True,314,1118,0.01073345259391771
fewnerd,supervised,fine,BIO,k10_seed42,10,42,organization-other,31,10,True,314,1118,0.027728085867620753
fewnerd,supervised,fine,BIO,k10_seed42,10,42,organization-politicalparty,10,10,True,314,1118,0.008944543828264758
fewnerd,supervised,fine,BIO,k10_seed42,10,42,organization-religion,13,10,True,314,1118,0.011627906976744186
fewnerd,supervised,fine,BIO,k10_seed42,10,42,organization-showorganization,13,10,True,314,1118,0.011627906976744186
fewnerd,supervised,fine,BIO,k10_seed42,10,42,organization-sportsleague,11,10,True,314,1118,0.009838998211091235
fewnerd,supervised,fine,BIO,k10_seed42,10,42,organization-sportsteam,16,10,True,314,1118,0.014311270125223614
fewnerd,supervised,fine,BIO,k10_seed42,10,42,other-astronomything,11,10,True,314,1118,0.009838998211091235
fewnerd,supervised,fine,BIO,k10_seed42,10,42,other-award,13,10,True,314,1118,0.011627906976744186
fewnerd,supervised,fine,BIO,k10_seed42,10,42,other-biologything,10,10,True,314,1118,0.008944543828264758
fewnerd,supervised,fine,BIO,k10_seed42,10,42,other-chemicalthing,10,10,True,314,1118,0.008944543828264758
fewnerd,supervised,fine,BIO,k10_seed42,10,42,other-currency,26,10,True,314,1118,0.023255813953488372
fewnerd,supervised,fine,BIO,k10_seed42,10,42,other-disease,13,10,True,314,1118,0.011627906976744186
fewnerd,supervised,fine,BIO,k10_seed42,10,42,other-educationaldegree,12,10,True,314,1118,0.01073345259391771
fewnerd,supervised,fine,BIO,k10_seed42,10,42,other-god,18,10,True,314,1118,0.016100178890876567
fewnerd,supervised,fine,BIO,k10_seed42,10,42,other-language,14,10,True,314,1118,0.012522361359570662
fewnerd,supervised,fine,BIO,k10_seed42,10,42,other-law,11,10,True,314,1118,0.009838998211091235
fewnerd,supervised,fine,BIO,k10_seed42,10,42,other-livingthing,11,10,True,314,1118,0.009838998211091235
fewnerd,supervised,fine,BIO,k10_seed42,10,42,other-medical,16,10,True,314,1118,0.014311270125223614
fewnerd,supervised,fine,BIO,k10_seed42,10,42,person-actor,10,10,True,314,1118,0.008944543828264758
fewnerd,supervised,fine,BIO,k10_seed42,10,42,person-artist/author,53,10,True,314,1118,0.04740608228980322
fewnerd,supervised,fine,BIO,k10_seed42,10,42,person-athlete,14,10,True,314,1118,0.012522361359570662
fewnerd,supervised,fine,BIO,k10_seed42,10,42,person-director,14,10,True,314,1118,0.012522361359570662
fewnerd,supervised,fine,BIO,k10_seed42,10,42,person-other,57,10,True,314,1118,0.050983899821109124
fewnerd,supervised,fine,BIO,k10_seed42,10,42,person-politician,16,10,True,314,1118,0.014311270125223614
fewnerd,supervised,fine,BIO,k10_seed42,10,42,person-scholar,18,10,True,314,1118,0.016100178890876567
fewnerd,supervised,fine,BIO,k10_seed42,10,42,person-soldier,11,10,True,314,1118,0.009838998211091235
fewnerd,supervised,fine,BIO,k10_seed42,10,42,product-airplane,11,10,True,314,1118,0.009838998211091235
fewnerd,supervised,fine,BIO,k10_seed42,10,42,product-car,11,10,True,314,1118,0.009838998211091235
fewnerd,supervised,fine,BIO,k10_seed42,10,42,product-food,22,10,True,314,1118,0.01967799642218247
fewnerd,supervised,fine,BIO,k10_seed42,10,42,product-game,10,10,True,314,1118,0.008944543828264758
fewnerd,supervised,fine,BIO,k10_seed42,10,42,product-other,11,10,True,314,1118,0.009838998211091235
fewnerd,supervised,fine,BIO,k10_seed42,10,42,product-ship,14,10,True,314,1118,0.012522361359570662
fewnerd,supervised,fine,BIO,k10_seed42,10,42,product-software,10,10,True,314,1118,0.008944543828264758
fewnerd,supervised,fine,BIO,k10_seed42,10,42,product-train,10,10,True,314,1118,0.008944543828264758
fewnerd,supervised,fine,BIO,k10_seed42,10,42,product-weapon,13,10,True,314,1118,0.011627906976744186
fewnerd,supervised,fine,BIO,k20_seed142,20,142,art-broadcastprogram,20,20,True,579,2054,0.009737098344693282
fewnerd,supervised,fine,BIO,k20_seed142,20,142,art-film,20,20,True,579,2054,0.009737098344693282
fewnerd,supervised,fine,BIO,k20_seed142,20,142,art-music,22,20,True,579,2054,0.010710808179162609
fewnerd,supervised,fine,BIO,k20_seed142,20,142,art-other,21,20,True,579,2054,0.010223953261927946
fewnerd,supervised,fine,BIO,k20_seed142,20,142,art-painting,20,20,True,579,2054,0.009737098344693282
fewnerd,supervised,fine,BIO,k20_seed142,20,142,art-writtenart,20,20,True,579,2054,0.009737098344693282
fewnerd,supervised,fine,BIO,k20_seed142,20,142,building-airport,23,20,True,579,2054,0.011197663096397274
fewnerd,supervised,fine,BIO,k20_seed142,20,142,building-hospital,23,20,True,579,2054,0.011197663096397274
fewnerd,supervised,fine,BIO,k20_seed142,20,142,building-hotel,23,20,True,579,2054,0.011197663096397274
fewnerd,supervised,fine,BIO,k20_seed142,20,142,building-library,24,20,True,579,2054,0.011684518013631937
fewnerd,supervised,fine,BIO,k20_seed142,20,142,building-other,37,20,True,579,2054,0.01801363193768257
fewnerd,supervised,fine,BIO,k20_seed142,20,142,building-restaurant,21,20,True,579,2054,0.010223953261927946
fewnerd,supervised,fine,BIO,k20_seed142,20,142,building-sportsfacility,22,20,True,579,2054,0.010710808179162609
fewnerd,supervised,fine,BIO,k20_seed142,20,142,building-theater,26,20,True,579,2054,0.012658227848101266
fewnerd,supervised,fine,BIO,k20_seed142,20,142,event-attack/battle/war/militaryconflict,20,20,True,579,2054,0.009737098344693282
fewnerd,supervised,fine,BIO,k20_seed142,20,142,event-disaster,21,20,True,579,2054,0.010223953261927946
fewnerd,supervised,fine,BIO,k20_seed142,20,142,event-election,22,20,True,579,2054,0.010710808179162609
fewnerd,supervised,fine,BIO,k20_seed142,20,142,event-other,20,20,True,579,2054,0.009737098344693282
fewnerd,supervised,fine,BIO,k20_seed142,20,142,event-protest,21,20,True,579,2054,0.010223953261927946
fewnerd,supervised,fine,BIO,k20_seed142,20,142,event-sportsevent,21,20,True,579,2054,0.010223953261927946
fewnerd,supervised,fine,BIO,k20_seed142,20,142,location-GPE,372,20,True,579,2054,0.18111002921129504
fewnerd,supervised,fine,BIO,k20_seed142,20,142,location-bodiesofwater,22,20,True,579,2054,0.010710808179162609
fewnerd,supervised,fine,BIO,k20_seed142,20,142,location-island,22,20,True,579,2054,0.010710808179162609
fewnerd,supervised,fine,BIO,k20_seed142,20,142,location-mountain,21,20,True,579,2054,0.010223953261927946
fewnerd,supervised,fine,BIO,k20_seed142,20,142,location-other,31,20,True,579,2054,0.015092502434274586
fewnerd,supervised,fine,BIO,k20_seed142,20,142,location-park,20,20,True,579,2054,0.009737098344693282
fewnerd,supervised,fine,BIO,k20_seed142,20,142,location-road/railway/highway/transit,30,20,True,579,2054,0.014605647517039922
fewnerd,supervised,fine,BIO,k20_seed142,20,142,organization-company,64,20,True,579,2054,0.0311587147030185
fewnerd,supervised,fine,BIO,k20_seed142,20,142,organization-education,35,20,True,579,2054,0.017039922103213243
fewnerd,supervised,fine,BIO,k20_seed142,20,142,organization-government/governmentagency,20,20,True,579,2054,0.009737098344693282
fewnerd,supervised,fine,BIO,k20_seed142,20,142,organization-media/newspaper,23,20,True,579,2054,0.011197663096397274
fewnerd,supervised,fine,BIO,k20_seed142,20,142,organization-other,47,20,True,579,2054,0.022882181110029213
fewnerd,supervised,fine,BIO,k20_seed142,20,142,organization-politicalparty,22,20,True,579,2054,0.010710808179162609
fewnerd,supervised,fine,BIO,k20_seed142,20,142,organization-religion,22,20,True,579,2054,0.010710808179162609
fewnerd,supervised,fine,BIO,k20_seed142,20,142,organization-showorganization,24,20,True,579,2054,0.011684518013631937
fewnerd,supervised,fine,BIO,k20_seed142,20,142,organization-sportsleague,21,20,True,579,2054,0.010223953261927946
fewnerd,supervised,fine,BIO,k20_seed142,20,142,organization-sportsteam,40,20,True,579,2054,0.019474196689386564
fewnerd,supervised,fine,BIO,k20_seed142,20,142,other-astronomything,22,20,True,579,2054,0.010710808179162609
fewnerd,supervised,fine,BIO,k20_seed142,20,142,other-award,21,20,True,579,2054,0.010223953261927946
fewnerd,supervised,fine,BIO,k20_seed142,20,142,other-biologything,20,20,True,579,2054,0.009737098344693282
fewnerd,supervised,fine,BIO,k20_seed142,20,142,other-chemicalthing,21,20,True,579,2054,0.010223953261927946
fewnerd,supervised,fine,BIO,k20_seed142,20,142,other-currency,25,20,True,579,2054,0.012171372930866602
fewnerd,supervised,fine,BIO,k20_seed142,20,142,other-disease,26,20,True,579,2054,0.012658227848101266
fewnerd,supervised,fine,BIO,k20_seed142,20,142,other-educationaldegree,23,20,True,579,2054,0.011197663096397274
fewnerd,supervised,fine,BIO,k20_seed142,20,142,other-god,26,20,True,579,2054,0.012658227848101266
fewnerd,supervised,fine,BIO,k20_seed142,20,142,other-language,23,20,True,579,2054,0.011197663096397274
fewnerd,supervised,fine,BIO,k20_seed142,20,142,other-law,23,20,True,579,2054,0.011197663096397274
fewnerd,supervised,fine,BIO,k20_seed142,20,142,other-livingthing,22,20,True,579,2054,0.010710808179162609
fewnerd,supervised,fine,BIO,k20_seed142,20,142,other-medical,25,20,True,579,2054,0.012171372930866602
fewnerd,supervised,fine,BIO,k20_seed142,20,142,person-actor,27,20,True,579,2054,0.01314508276533593
fewnerd,supervised,fine,BIO,k20_seed142,20,142,person-artist/author,60,20,True,579,2054,0.029211295034079845
fewnerd,supervised,fine,BIO,k20_seed142,20,142,person-athlete,20,20,True,579,2054,0.009737098344693282
fewnerd,supervised,fine,BIO,k20_seed142,20,142,person-director,23,20,True,579,2054,0.011197663096397274
fewnerd,supervised,fine,BIO,k20_seed142,20,142,person-other,102,20,True,579,2054,0.04965920155793573
fewnerd,supervised,fine,BIO,k20_seed142,20,142,person-politician,26,20,True,579,2054,0.012658227848101266
fewnerd,supervised,fine,BIO,k20_seed142,20,142,person-scholar,23,20,True,579,2054,0.011197663096397274
fewnerd,supervised,fine,BIO,k20_seed142,20,142,person-soldier,22,20,True,579,2054,0.010710808179162609
fewnerd,supervised,fine,BIO,k20_seed142,20,142,product-airplane,21,20,True,579,2054,0.010223953261927946
fewnerd,supervised,fine,BIO,k20_seed142,20,142,product-car,20,20,True,579,2054,0.009737098344693282
fewnerd,supervised,fine,BIO,k20_seed142,20,142,product-food,20,20,True,579,2054,0.009737098344693282
fewnerd,supervised,fine,BIO,k20_seed142,20,142,product-game,22,20,True,579,2054,0.010710808179162609
fewnerd,supervised,fine,BIO,k20_seed142,20,142,product-other,20,20,True,579,2054,0.009737098344693282
fewnerd,supervised,fine,BIO,k20_seed142,20,142,product-ship,25,20,True,579,2054,0.012171372930866602
fewnerd,supervised,fine,BIO,k20_seed142,20,142,product-software,20,20,True,579,2054,0.009737098344693282
fewnerd,supervised,fine,BIO,k20_seed142,20,142,product-train,23,20,True,579,2054,0.011197663096397274
fewnerd,supervised,fine,BIO,k20_seed142,20,142,product-weapon,20,20,True,579,2054,0.009737098344693282
fewnerd,supervised,fine,BIO,k20_seed242,20,242,art-broadcastprogram,21,20,True,582,2124,0.009887005649717515
fewnerd,supervised,fine,BIO,k20_seed242,20,242,art-film,22,20,True,582,2124,0.010357815442561206
fewnerd,supervised,fine,BIO,k20_seed242,20,242,art-music,21,20,True,582,2124,0.009887005649717515
fewnerd,supervised,fine,BIO,k20_seed242,20,242,art-other,23,20,True,582,2124,0.010828625235404897
fewnerd,supervised,fine,BIO,k20_seed242,20,242,art-painting,24,20,True,582,2124,0.011299435028248588
fewnerd,supervised,fine,BIO,k20_seed242,20,242,art-writtenart,20,20,True,582,2124,0.009416195856873822
fewnerd,supervised,fine,BIO,k20_seed242,20,242,building-airport,22,20,True,582,2124,0.010357815442561206
fewnerd,supervised,fine,BIO,k20_seed242,20,242,building-hospital,21,20,True,582,2124,0.009887005649717515
fewnerd,supervised,fine,BIO,k20_seed242,20,242,building-hotel,24,20,True,582,2124,0.011299435028248588
fewnerd,supervised,fine,BIO,k20_seed242,20,242,building-library,21,20,True,582,2124,0.009887005649717515
fewnerd,supervised,fine,BIO,k20_seed242,20,242,building-other,53,20,True,582,2124,0.02495291902071563
fewnerd,supervised,fine,BIO,k20_seed242,20,242,building-restaurant,33,20,True,582,2124,0.015536723163841809
fewnerd,supervised,fine,BIO,k20_seed242,20,242,building-sportsfacility,26,20,True,582,2124,0.01224105461393597
fewnerd,supervised,fine,BIO,k20_seed242,20,242,building-theater,27,20,True,582,2124,0.012711864406779662
fewnerd,supervised,fine,BIO,k20_seed242,20,242,event-attack/battle/war/militaryconflict,22,20,True,582,2124,0.010357815442561206
fewnerd,supervised,fine,BIO,k20_seed242,20,242,event-disaster,21,20,True,582,2124,0.009887005649717515
fewnerd,supervised,fine,BIO,k20_seed242,20,242,event-election,20,20,True,582,2124,0.009416195856873822
fewnerd,supervised,fine,BIO,k20_seed242,20,242,event-other,24,20,True,582,2124,0.011299435028248588
fewnerd,supervised,fine,BIO,k20_seed242,20,242,event-protest,22,20,True,582,2124,0.010357815442561206
fewnerd,supervised,fine,BIO,k20_seed242,20,242,event-sportsevent,22,20,True,582,2124,0.010357815442561206
fewnerd,supervised,fine,BIO,k20_seed242,20,242,location-GPE,372,20,True,582,2124,0.1751412429378531
fewnerd,supervised,fine,BIO,k20_seed242,20,242,location-bodiesofwater,20,20,True,582,2124,0.009416195856873822
fewnerd,supervised,fine,BIO,k20_seed242,20,242,location-island,20,20,True,582,2124,0.009416195856873822
fewnerd,supervised,fine,BIO,k20_seed242,20,242,location-mountain,22,20,True,582,2124,0.010357815442561206
fewnerd,supervised,fine,BIO,k20_seed242,20,242,location-other,20,20,True,582,2124,0.009416195856873822
fewnerd,supervised,fine,BIO,k20_seed242,20,242,location-park,22,20,True,582,2124,0.010357815442561206
fewnerd,supervised,fine,BIO,k20_seed242,20,242,location-road/railway/highway/transit,20,20,True,582,2124,0.009416195856873822
fewnerd,supervised,fine,BIO,k20_seed242,20,242,organization-company,65,20,True,582,2124,0.030602636534839925
fewnerd,supervised,fine,BIO,k20_seed242,20,242,organization-education,29,20,True,582,2124,0.013653483992467044
fewnerd,supervised,fine,BIO,k20_seed242,20,242,organization-government/governmentagency,20,20,True,582,2124,0.009416195856873822
fewnerd,supervised,fine,BIO,k20_seed242,20,242,organization-media/newspaper,29,20,True,582,2124,0.013653483992467044
fewnerd,supervised,fine,BIO,k20_seed242,20,242,organization-other,68,20,True,582,2124,0.032015065913371
fewnerd,supervised,fine,BIO,k20_seed242,20,242,organization-politicalparty,20,20,True,582,2124,0.009416195856873822
fewnerd,supervised,fine,BIO,k20_seed242,20,242,organization-religion,24,20,True,582,2124,0.011299435028248588
fewnerd,supervised,fine,BIO,k20_seed242,20,242,organization-showorganization,23,20,True,582,2124,0.010828625235404897
fewnerd,supervised,fine,BIO,k20_seed242,20,242,organization-sportsleague,24,20,True,582,2124,0.011299435028248588
fewnerd,supervised,fine,BIO,k20_seed242,20,242,organization-sportsteam,21,20,True,582,2124,0.009887005649717515
fewnerd,supervised,fine,BIO,k20_seed242,20,242,other-astronomything,23,20,True,582,2124,0.010828625235404897
fewnerd,supervised,fine,BIO,k20_seed242,20,242,other-award,23,20,True,582,2124,0.010828625235404897
fewnerd,supervised,fine,BIO,k20_seed242,20,242,other-biologything,22,20,True,582,2124,0.010357815442561206
fewnerd,supervised,fine,BIO,k20_seed242,20,242,other-chemicalthing,21,20,True,582,2124,0.009887005649717515
fewnerd,supervised,fine,BIO,k20_seed242,20,242,other-currency,24,20,True,582,2124,0.011299435028248588
fewnerd,supervised,fine,BIO,k20_seed242,20,242,other-disease,22,20,True,582,2124,0.010357815442561206
fewnerd,supervised,fine,BIO,k20_seed242,20,242,other-educationaldegree,23,20,True,582,2124,0.010828625235404897
fewnerd,supervised,fine,BIO,k20_seed242,20,242,other-god,22,20,True,582,2124,0.010357815442561206
fewnerd,supervised,fine,BIO,k20_seed242,20,242,other-language,22,20,True,582,2124,0.010357815442561206
fewnerd,supervised,fine,BIO,k20_seed242,20,242,other-law,25,20,True,582,2124,0.011770244821092278
fewnerd,supervised,fine,BIO,k20_seed242,20,242,other-livingthing,29,20,True,582,2124,0.013653483992467044
fewnerd,supervised,fine,BIO,k20_seed242,20,242,other-medical,24,20,True,582,2124,0.011299435028248588
fewnerd,supervised,fine,BIO,k20_seed242,20,242,person-actor,34,20,True,582,2124,0.0160075329566855
fewnerd,supervised,fine,BIO,k20_seed242,20,242,person-artist/author,61,20,True,582,2124,0.02871939736346516
fewnerd,supervised,fine,BIO,k20_seed242,20,242,person-athlete,22,20,True,582,2124,0.010357815442561206
fewnerd,supervised,fine,BIO,k20_seed242,20,242,person-director,29,20,True,582,2124,0.013653483992467044
fewnerd,supervised,fine,BIO,k20_seed242,20,242,person-other,109,20,True,582,2124,0.051318267419962336
fewnerd,supervised,fine,BIO,k20_seed242,20,242,person-politician,32,20,True,582,2124,0.015065913370998116
fewnerd,supervised,fine,BIO,k20_seed242,20,242,person-scholar,27,20,True,582,2124,0.012711864406779662
fewnerd,supervised,fine,BIO,k20_seed242,20,242,person-soldier,23,20,True,582,2124,0.010828625235404897
fewnerd,supervised,fine,BIO,k20_seed242,20,242,product-airplane,24,20,True,582,2124,0.011299435028248588
fewnerd,supervised,fine,BIO,k20_seed242,20,242,product-car,21,20,True,582,2124,0.009887005649717515
fewnerd,supervised,fine,BIO,k20_seed242,20,242,product-food,21,20,True,582,2124,0.009887005649717515
fewnerd,supervised,fine,BIO,k20_seed242,20,242,product-game,25,20,True,582,2124,0.011770244821092278
fewnerd,supervised,fine,BIO,k20_seed242,20,242,product-other,20,20,True,582,2124,0.009416195856873822
fewnerd,supervised,fine,BIO,k20_seed242,20,242,product-ship,26,20,True,582,2124,0.01224105461393597
fewnerd,supervised,fine,BIO,k20_seed242,20,242,product-software,20,20,True,582,2124,0.009416195856873822
fewnerd,supervised,fine,BIO,k20_seed242,20,242,product-train,22,20,True,582,2124,0.010357815442561206
fewnerd,supervised,fine,BIO,k20_seed242,20,242,product-weapon,20,20,True,582,2124,0.009416195856873822
fewnerd,supervised,fine,BIO,k20_seed42,20,42,art-broadcastprogram,30,20,True,588,2064,0.014534883720930232
fewnerd,supervised,fine,BIO,k20_seed42,20,42,art-film,21,20,True,588,2064,0.010174418604651164
fewnerd,supervised,fine,BIO,k20_seed42,20,42,art-music,20,20,True,588,2064,0.009689922480620155
fewnerd,supervised,fine,BIO,k20_seed42,20,42,art-other,20,20,True,588,2064,0.009689922480620155
fewnerd,supervised,fine,BIO,k20_seed42,20,42,art-painting,20,20,True,588,2064,0.009689922480620155
fewnerd,supervised,fine,BIO,k20_seed42,20,42,art-writtenart,20,20,True,588,2064,0.009689922480620155
fewnerd,supervised,fine,BIO,k20_seed42,20,42,building-airport,21,20,True,588,2064,0.010174418604651164
fewnerd,supervised,fine,BIO,k20_seed42,20,42,building-hospital,20,20,True,588,2064,0.009689922480620155
fewnerd,supervised,fine,BIO,k20_seed42,20,42,building-hotel,20,20,True,588,2064,0.009689922480620155
fewnerd,supervised,fine,BIO,k20_seed42,20,42,building-library,21,20,True,588,2064,0.010174418604651164
fewnerd,supervised,fine,BIO,k20_seed42,20,42,building-other,47,20,True,588,2064,0.022771317829457363
fewnerd,supervised,fine,BIO,k20_seed42,20,42,building-restaurant,23,20,True,588,2064,0.011143410852713179
fewnerd,supervised,fine,BIO,k20_seed42,20,42,building-sportsfacility,22,20,True,588,2064,0.01065891472868217
fewnerd,supervised,fine,BIO,k20_seed42,20,42,building-theater,25,20,True,588,2064,0.012112403100775194
fewnerd,supervised,fine,BIO,k20_seed42,20,42,event-attack/battle/war/militaryconflict,23,20,True,588,2064,0.011143410852713179
fewnerd,supervised,fine,BIO,k20_seed42,20,42,event-disaster,21,20,True,588,2064,0.010174418604651164
fewnerd,supervised,fine,BIO,k20_seed42,20,42,event-election,21,20,True,588,2064,0.010174418604651164
fewnerd,supervised,fine,BIO,k20_seed42,20,42,event-other,22,20,True,588,2064,0.01065891472868217
fewnerd,supervised,fine,BIO,k20_seed42,20,42,event-protest,23,20,True,588,2064,0.011143410852713179
fewnerd,supervised,fine,BIO,k20_seed42,20,42,event-sportsevent,20,20,True,588,2064,0.009689922480620155
fewnerd,supervised,fine,BIO,k20_seed42,20,42,location-GPE,327,20,True,588,2064,0.15843023255813954
fewnerd,supervised,fine,BIO,k20_seed42,20,42,location-bodiesofwater,21,20,True,588,2064,0.010174418604651164
fewnerd,supervised,fine,BIO,k20_seed42,20,42,location-island,32,20,True,588,2064,0.015503875968992248
fewnerd,supervised,fine,BIO,k20_seed42,20,42,location-mountain,22,20,True,588,2064,0.01065891472868217
fewnerd,supervised,fine,BIO,k20_seed42,20,42,location-other,45,20,True,588,2064,0.02180232558139535
fewnerd,supervised,fine,BIO,k20_seed42,20,42,location-park,26,20,True,588,2064,0.012596899224806201
fewnerd,supervised,fine,BIO,k20_seed42,20,42,location-road/railway/highway/transit,26,20,True,588,2064,0.012596899224806201
fewnerd,supervised,fine,BIO,k20_seed42,20,42,organization-company,43,20,True,588,2064,0.020833333333333332
fewnerd,supervised,fine,BIO,k20_seed42,20,42,organization-education,26,20,True,588,2064,0.012596899224806201
fewnerd,supervised,fine,BIO,k20_seed42,20,42,organization-government/governmentagency,20,20,True,588,2064,0.009689922480620155
fewnerd,supervised,fine,BIO,k20_seed42,20,42,organization-media/newspaper,20,20,True,588,2064,0.009689922480620155
fewnerd,supervised,fine,BIO,k20_seed42,20,42,organization-other,75,20,True,588,2064,0.036337209302325583
fewnerd,supervised,fine,BIO,k20_seed42,20,42,organization-politicalparty,25,20,True,588,2064,0.012112403100775194
fewnerd,supervised,fine,BIO,k20_seed42,20,42,organization-religion,28,20,True,588,2064,0.013565891472868217
fewnerd,supervised,fine,BIO,k20_seed42,20,42,organization-showorganization,24,20,True,588,2064,0.011627906976744186
fewnerd,supervised,fine,BIO,k20_seed42,20,42,organization-sportsleague,21,20,True,588,2064,0.010174418604651164
fewnerd,supervised,fine,BIO,k20_seed42,20,42,organization-sportsteam,28,20,True,588,2064,0.013565891472868217
fewnerd,supervised,fine,BIO,k20_seed42,20,42,other-astronomything,21,20,True,588,2064,0.010174418604651164
fewnerd,supervised,fine,BIO,k20_seed42,20,42,other-award,23,20,True,588,2064,0.011143410852713179
fewnerd,supervised,fine,BIO,k20_seed42,20,42,other-biologything,20,20,True,588,2064,0.009689922480620155
fewnerd,supervised,fine,BIO,k20_seed42,20,42,other-chemicalthing,23,20,True,588,2064,0.011143410852713179
fewnerd,supervised,fine,BIO,k20_seed42,20,42,other-currency,21,20,True,588,2064,0.010174418604651164
fewnerd,supervised,fine,BIO,k20_seed42,20,42,other-disease,24,20,True,588,2064,0.011627906976744186
fewnerd,supervised,fine,BIO,k20_seed42,20,42,other-educationaldegree,21,20,True,588,2064,0.010174418604651164
fewnerd,supervised,fine,BIO,k20_seed42,20,42,other-god,24,20,True,588,2064,0.011627906976744186
fewnerd,supervised,fine,BIO,k20_seed42,20,42,other-language,23,20,True,588,2064,0.011143410852713179
fewnerd,supervised,fine,BIO,k20_seed42,20,42,other-law,21,20,True,588,2064,0.010174418604651164
fewnerd,supervised,fine,BIO,k20_seed42,20,42,other-livingthing,24,20,True,588,2064,0.011627906976744186
fewnerd,supervised,fine,BIO,k20_seed42,20,42,other-medical,20,20,True,588,2064,0.009689922480620155
fewnerd,supervised,fine,BIO,k20_seed42,20,42,person-actor,20,20,True,588,2064,0.009689922480620155
fewnerd,supervised,fine,BIO,k20_seed42,20,42,person-artist/author,64,20,True,588,2064,0.031007751937984496
fewnerd,supervised,fine,BIO,k20_seed42,20,42,person-athlete,22,20,True,588,2064,0.01065891472868217
fewnerd,supervised,fine,BIO,k20_seed42,20,42,person-director,23,20,True,588,2064,0.011143410852713179
fewnerd,supervised,fine,BIO,k20_seed42,20,42,person-other,129,20,True,588,2064,0.0625
fewnerd,supervised,fine,BIO,k20_seed42,20,42,person-politician,21,20,True,588,2064,0.010174418604651164
fewnerd,supervised,fine,BIO,k20_seed42,20,42,person-scholar,25,20,True,588,2064,0.012112403100775194
fewnerd,supervised,fine,BIO,k20_seed42,20,42,person-soldier,22,20,True,588,2064,0.01065891472868217
fewnerd,supervised,fine,BIO,k20_seed42,20,42,product-airplane,26,20,True,588,2064,0.012596899224806201
fewnerd,supervised,fine,BIO,k20_seed42,20,42,product-car,21,20,True,588,2064,0.010174418604651164
fewnerd,supervised,fine,BIO,k20_seed42,20,42,product-food,22,20,True,588,2064,0.01065891472868217
fewnerd,supervised,fine,BIO,k20_seed42,20,42,product-game,23,20,True,588,2064,0.011143410852713179
fewnerd,supervised,fine,BIO,k20_seed42,20,42,product-other,21,20,True,588,2064,0.010174418604651164
fewnerd,supervised,fine,BIO,k20_seed42,20,42,product-ship,28,20,True,588,2064,0.013565891472868217
fewnerd,supervised,fine,BIO,k20_seed42,20,42,product-software,21,20,True,588,2064,0.010174418604651164
fewnerd,supervised,fine,BIO,k20_seed42,20,42,product-train,20,20,True,588,2064,0.009689922480620155
fewnerd,supervised,fine,BIO,k20_seed42,20,42,product-weapon,22,20,True,588,2064,0.01065891472868217
fewnerd,supervised,fine,BIO,k50_seed142,50,142,art-broadcastprogram,56,50,True,1392,4862,0.011517893870835048
fewnerd,supervised,fine,BIO,k50_seed142,50,142,art-film,66,50,True,1392,4862,0.013574660633484163
fewnerd,supervised,fine,BIO,k50_seed142,50,142,art-music,51,50,True,1392,4862,0.01048951048951049
fewnerd,supervised,fine,BIO,k50_seed142,50,142,art-other,56,50,True,1392,4862,0.011517893870835048
fewnerd,supervised,fine,BIO,k50_seed142,50,142,art-painting,50,50,True,1392,4862,0.010283833813245578
fewnerd,supervised,fine,BIO,k50_seed142,50,142,art-writtenart,50,50,True,1392,4862,0.010283833813245578
fewnerd,supervised,fine,BIO,k50_seed142,50,142,building-airport,56,50,True,1392,4862,0.011517893870835048
fewnerd,supervised,fine,BIO,k50_seed142,50,142,building-hospital,51,50,True,1392,4862,0.01048951048951049
fewnerd,supervised,fine,BIO,k50_seed142,50,142,building-hotel,59,50,True,1392,4862,0.012134923899629783
fewnerd,supervised,fine,BIO,k50_seed142,50,142,building-library,51,50,True,1392,4862,0.01048951048951049
fewnerd,supervised,fine,BIO,k50_seed142,50,142,building-other,80,50,True,1392,4862,0.016454134101192924
fewnerd,supervised,fine,BIO,k50_seed142,50,142,building-restaurant,50,50,True,1392,4862,0.010283833813245578
fewnerd,supervised,fine,BIO,k50_seed142,50,142,building-sportsfacility,56,50,True,1392,4862,0.011517893870835048
fewnerd,supervised,fine,BIO,k50_seed142,50,142,building-theater,60,50,True,1392,4862,0.012340600575894693
fewnerd,supervised,fine,BIO,k50_seed142,50,142,event-attack/battle/war/militaryconflict,55,50,True,1392,4862,0.011312217194570135
fewnerd,supervised,fine,BIO,k50_seed142,50,142,event-disaster,54,50,True,1392,4862,0.011106540518305225
fewnerd,supervised,fine,BIO,k50_seed142,50,142,event-election,54,50,True,1392,4862,0.011106540518305225
fewnerd,supervised,fine,BIO,k50_seed142,50,142,event-other,50,50,True,1392,4862,0.010283833813245578
fewnerd,supervised,fine,BIO,k50_seed142,50,142,event-protest,53,50,True,1392,4862,0.010900863842040313
fewnerd,supervised,fine,BIO,k50_seed142,50,142,event-sportsevent,50,50,True,1392,4862,0.010283833813245578
fewnerd,supervised,fine,BIO,k50_seed142,50,142,location-GPE,801,50,True,1392,4862,0.16474701768819416
fewnerd,supervised,fine,BIO,k50_seed142,50,142,location-bodiesofwater,50,50,True,1392,4862,0.010283833813245578
fewnerd,supervised,fine,BIO,k50_seed142,50,142,location-island,53,50,True,1392,4862,0.010900863842040313
fewnerd,supervised,fine,BIO,k50_seed142,50,142,location-mountain,52,50,True,1392,4862,0.0106951871657754
fewnerd,supervised,fine,BIO,k50_seed142,50,142,location-other,64,50,True,1392,4862,0.01316330728095434
fewnerd,supervised,fine,BIO,k50_seed142,50,142,location-park,54,50,True,1392,4862,0.011106540518305225
fewnerd,supervised,fine,BIO,k50_seed142,50,142,location-road/railway/highway/transit,52,50,True,1392,4862,0.0106951871657754
fewnerd,supervised,fine,BIO,k50_seed142,50,142,organization-company,119,50,True,1392,4862,0.024475524475524476
fewnerd,supervised,fine,BIO,k50_seed142,50,142,organization-education,80,50,True,1392,4862,0.016454134101192924
fewnerd,supervised,fine,BIO,k50_seed142,50,142,organization-government/governmentagency,57,50,True,1392,4862,0.011723570547099958
fewnerd,supervised,fine,BIO,k50_seed142,50,142,organization-media/newspaper,50,50,True,1392,4862,0.010283833813245578
fewnerd,supervised,fine,BIO,k50_seed142,50,142,organization-other,114,50,True,1392,4862,0.023447141094199916
fewnerd,supervised,fine,BIO,k50_seed142,50,142,organization-politicalparty,50,50,True,1392,4862,0.010283833813245578
fewnerd,supervised,fine,BIO,k50_seed142,50,142,organization-religion,53,50,True,1392,4862,0.010900863842040313
fewnerd,supervised,fine,BIO,k50_seed142,50,142,organization-showorganization,51,50,True,1392,4862,0.01048951048951049
fewnerd,supervised,fine,BIO,k50_seed142,50,142,organization-sportsleague,52,50,True,1392,4862,0.0106951871657754
fewnerd,supervised,fine,BIO,k50_seed142,50,142,organization-sportsteam,67,50,True,1392,4862,0.013780337309749074
fewnerd,supervised,fine,BIO,k50_seed142,50,142,other-astronomything,53,50,True,1392,4862,0.010900863842040313
fewnerd,supervised,fine,BIO,k50_seed142,50,142,other-award,51,50,True,1392,4862,0.01048951048951049
fewnerd,supervised,fine,BIO,k50_seed142,50,142,other-biologything,50,50,True,1392,4862,0.010283833813245578
fewnerd,supervised,fine,BIO,k50_seed142,50,142,other-chemicalthing,50,50,True,1392,4862,0.010283833813245578
fewnerd,supervised,fine,BIO,k50_seed142,50,142,other-currency,52,50,True,1392,4862,0.0106951871657754
fewnerd,supervised,fine,BIO,k50_seed142,50,142,other-disease,54,50,True,1392,4862,0.011106540518305225
fewnerd,supervised,fine,BIO,k50_seed142,50,142,other-educationaldegree,52,50,True,1392,4862,0.0106951871657754
fewnerd,supervised,fine,BIO,k50_seed142,50,142,other-god,54,50,True,1392,4862,0.011106540518305225
fewnerd,supervised,fine,BIO,k50_seed142,50,142,other-language,54,50,True,1392,4862,0.011106540518305225
fewnerd,supervised,fine,BIO,k50_seed142,50,142,other-law,53,50,True,1392,4862,0.010900863842040313
fewnerd,supervised,fine,BIO,k50_seed142,50,142,other-livingthing,54,50,True,1392,4862,0.011106540518305225
fewnerd,supervised,fine,BIO,k50_seed142,50,142,other-medical,58,50,True,1392,4862,0.01192924722336487
fewnerd,supervised,fine,BIO,k50_seed142,50,142,person-actor,53,50,True,1392,4862,0.010900863842040313
fewnerd,supervised,fine,BIO,k50_seed142,50,142,person-artist/author,121,50,True,1392,4862,0.024886877828054297
fewnerd,supervised,fine,BIO,k50_seed142,50,142,person-athlete,70,50,True,1392,4862,0.014397367338543809
fewnerd,supervised,fine,BIO,k50_seed142,50,142,person-director,56,50,True,1392,4862,0.011517893870835048
fewnerd,supervised,fine,BIO,k50_seed142,50,142,person-other,302,50,True,1392,4862,0.062114356232003294
fewnerd,supervised,fine,BIO,k50_seed142,50,142,person-politician,93,50,True,1392,4862,0.019127930892636775
fewnerd,supervised,fine,BIO,k50_seed142,50,142,person-scholar,57,50,True,1392,4862,0.011723570547099958
fewnerd,supervised,fine,BIO,k50_seed142,50,142,person-soldier,67,50,True,1392,4862,0.013780337309749074
fewnerd,supervised,fine,BIO,k50_seed142,50,142,product-airplane,54,50,True,1392,4862,0.011106540518305225
fewnerd,supervised,fine,BIO,k50_seed142,50,142,product-car,56,50,True,1392,4862,0.011517893870835048
fewnerd,supervised,fine,BIO,k50_seed142,50,142,product-food,51,50,True,1392,4862,0.01048951048951049
fewnerd,supervised,fine,BIO,k50_seed142,50,142,product-game,51,50,True,1392,4862,0.01048951048951049
fewnerd,supervised,fine,BIO,k50_seed142,50,142,product-other,54,50,True,1392,4862,0.011106540518305225
fewnerd,supervised,fine,BIO,k50_seed142,50,142,product-ship,58,50,True,1392,4862,0.01192924722336487
fewnerd,supervised,fine,BIO,k50_seed142,50,142,product-software,53,50,True,1392,4862,0.010900863842040313
fewnerd,supervised,fine,BIO,k50_seed142,50,142,product-train,51,50,True,1392,4862,0.01048951048951049
fewnerd,supervised,fine,BIO,k50_seed142,50,142,product-weapon,53,50,True,1392,4862,0.010900863842040313
fewnerd,supervised,fine,BIO,k50_seed242,50,242,art-broadcastprogram,61,50,True,1421,4901,0.01244643950214242
fewnerd,supervised,fine,BIO,k50_seed242,50,242,art-film,53,50,True,1421,4901,0.010814119567435217
fewnerd,supervised,fine,BIO,k50_seed242,50,242,art-music,51,50,True,1421,4901,0.010406039583758417
fewnerd,supervised,fine,BIO,k50_seed242,50,242,art-other,51,50,True,1421,4901,0.010406039583758417
fewnerd,supervised,fine,BIO,k50_seed242,50,242,art-painting,50,50,True,1421,4901,0.010201999591920016
fewnerd,supervised,fine,BIO,k50_seed242,50,242,art-writtenart,55,50,True,1421,4901,0.011222199551112018
fewnerd,supervised,fine,BIO,k50_seed242,50,242,building-airport,53,50,True,1421,4901,0.010814119567435217
fewnerd,supervised,fine,BIO,k50_seed242,50,242,building-hospital,50,50,True,1421,4901,0.010201999591920016
fewnerd,supervised,fine,BIO,k50_seed242,50,242,building-hotel,54,50,True,1421,4901,0.011018159559273618
fewnerd,supervised,fine,BIO,k50_seed242,50,242,building-library,55,50,True,1421,4901,0.011222199551112018
fewnerd,supervised,fine,BIO,k50_seed242,50,242,building-other,90,50,True,1421,4901,0.01836359926545603
fewnerd,supervised,fine,BIO,k50_seed242,50,242,building-restaurant,52,50,True,1421,4901,0.010610079575596816
fewnerd,supervised,fine,BIO,k50_seed242,50,242,building-sportsfacility,54,50,True,1421,4901,0.011018159559273618
fewnerd,supervised,fine,BIO,k50_seed242,50,242,building-theater,65,50,True,1421,4901,0.013262599469496022
fewnerd,supervised,fine,BIO,k50_seed242,50,242,event-attack/battle/war/militaryconflict,50,50,True,1421,4901,0.010201999591920016
fewnerd,supervised,fine,BIO,k50_seed242,50,242,event-disaster,53,50,True,1421,4901,0.010814119567435217
fewnerd,supervised,fine,BIO,k50_seed242,50,242,event-election,53,50,True,1421,4901,0.010814119567435217
fewnerd,supervised,fine,BIO,k50_seed242,50,242,event-other,55,50,True,1421,4901,0.011222199551112018
fewnerd,supervised,fine,BIO,k50_seed242,50,242,event-protest,53,50,True,1421,4901,0.010814119567435217
fewnerd,supervised,fine,BIO,k50_seed242,50,242,event-sportsevent,51,50,True,1421,4901,0.010406039583758417
fewnerd,supervised,fine,BIO,k50_seed242,50,242,location-GPE,818,50,True,1421,4901,0.16690471332381146
fewnerd,supervised,fine,BIO,k50_seed242,50,242,location-bodiesofwater,50,50,True,1421,4901,0.010201999591920016
fewnerd,supervised,fine,BIO,k50_seed242,50,242,location-island,66,50,True,1421,4901,0.013466639461334421
fewnerd,supervised,fine,BIO,k50_seed242,50,242,location-mountain,51,50,True,1421,4901,0.010406039583758417
fewnerd,supervised,fine,BIO,k50_seed242,50,242,location-other,87,50,True,1421,4901,0.01775147928994083
fewnerd,supervised,fine,BIO,k50_seed242,50,242,location-park,57,50,True,1421,4901,0.01163027953478882
fewnerd,supervised,fine,BIO,k50_seed242,50,242,location-road/railway/highway/transit,50,50,True,1421,4901,0.010201999591920016
fewnerd,supervised,fine,BIO,k50_seed242,50,242,organization-company,140,50,True,1421,4901,0.028565598857376046
fewnerd,supervised,fine,BIO,k50_seed242,50,242,organization-education,84,50,True,1421,4901,0.017139359314425628
fewnerd,supervised,fine,BIO,k50_seed242,50,242,organization-government/governmentagency,51,50,True,1421,4901,0.010406039583758417
fewnerd,supervised,fine,BIO,k50_seed242,50,242,organization-media/newspaper,50,50,True,1421,4901,0.010201999591920016
fewnerd,supervised,fine,BIO,k50_seed242,50,242,organization-other,122,50,True,1421,4901,0.02489287900428484
fewnerd,supervised,fine,BIO,k50_seed242,50,242,organization-politicalparty,54,50,True,1421,4901,0.011018159559273618
fewnerd,supervised,fine,BIO,k50_seed242,50,242,organization-religion,56,50,True,1421,4901,0.011426239542950418
fewnerd,supervised,fine,BIO,k50_seed242,50,242,organization-showorganization,57,50,True,1421,4901,0.01163027953478882
fewnerd,supervised,fine,BIO,k50_seed242,50,242,organization-sportsleague,52,50,True,1421,4901,0.010610079575596816
fewnerd,supervised,fine,BIO,k50_seed242,50,242,organization-sportsteam,57,50,True,1421,4901,0.01163027953478882
fewnerd,supervised,fine,BIO,k50_seed242,50,242,other-astronomything,56,50,True,1421,4901,0.011426239542950418
fewnerd,supervised,fine,BIO,k50_seed242,50,242,other-award,55,50,True,1421,4901,0.011222199551112018
fewnerd,supervised,fine,BIO,k50_seed242,50,242,other-biologything,50,50,True,1421,4901,0.010201999591920016
fewnerd,supervised,fine,BIO,k50_seed242,50,242,other-chemicalthing,54,50,True,1421,4901,0.011018159559273618
fewnerd,supervised,fine,BIO,k50_seed242,50,242,other-currency,55,50,True,1421,4901,0.011222199551112018
fewnerd,supervised,fine,BIO,k50_seed242,50,242,other-disease,55,50,True,1421,4901,0.011222199551112018
fewnerd,supervised,fine,BIO,k50_seed242,50,242,other-educationaldegree,59,50,True,1421,4901,0.01203835951846562
fewnerd,supervised,fine,BIO,k50_seed242,50,242,other-god,58,50,True,1421,4901,0.011834319526627219
fewnerd,supervised,fine,BIO,k50_seed242,50,242,other-language,51,50,True,1421,4901,0.010406039583758417
fewnerd,supervised,fine,BIO,k50_seed242,50,242,other-law,58,50,True,1421,4901,0.011834319526627219
fewnerd,supervised,fine,BIO,k50_seed242,50,242,other-livingthing,51,50,True,1421,4901,0.010406039583758417
fewnerd,supervised,fine,BIO,k50_seed242,50,242,other-medical,60,50,True,1421,4901,0.012242399510304019
fewnerd,supervised,fine,BIO,k50_seed242,50,242,person-actor,57,50,True,1421,4901,0.01163027953478882
fewnerd,supervised,fine,BIO,k50_seed242,50,242,person-artist/author,130,50,True,1421,4901,0.026525198938992044
fewnerd,supervised,fine,BIO,k50_seed242,50,242,person-athlete,62,50,True,1421,4901,0.01265047949398082
fewnerd,supervised,fine,BIO,k50_seed242,50,242,person-director,71,50,True,1421,4901,0.014486839420526422
fewnerd,supervised,fine,BIO,k50_seed242,50,242,person-other,228,50,True,1421,4901,0.04652111813915528
fewnerd,supervised,fine,BIO,k50_seed242,50,242,person-politician,75,50,True,1421,4901,0.015302999387880024
fewnerd,supervised,fine,BIO,k50_seed242,50,242,person-scholar,54,50,True,1421,4901,0.011018159559273618
fewnerd,supervised,fine,BIO,k50_seed242,50,242,person-soldier,54,50,True,1421,4901,0.011018159559273618
fewnerd,supervised,fine,BIO,k50_seed242,50,242,product-airplane,50,50,True,1421,4901,0.010201999591920016
fewnerd,supervised,fine,BIO,k50_seed242,50,242,product-car,55,50,True,1421,4901,0.011222199551112018
fewnerd,supervised,fine,BIO,k50_seed242,50,242,product-food,56,50,True,1421,4901,0.011426239542950418
fewnerd,supervised,fine,BIO,k50_seed242,50,242,product-game,56,50,True,1421,4901,0.011426239542950418
fewnerd,supervised,fine,BIO,k50_seed242,50,242,product-other,55,50,True,1421,4901,0.011222199551112018
fewnerd,supervised,fine,BIO,k50_seed242,50,242,product-ship,65,50,True,1421,4901,0.013262599469496022
fewnerd,supervised,fine,BIO,k50_seed242,50,242,product-software,51,50,True,1421,4901,0.010406039583758417
fewnerd,supervised,fine,BIO,k50_seed242,50,242,product-train,51,50,True,1421,4901,0.010406039583758417
fewnerd,supervised,fine,BIO,k50_seed242,50,242,product-weapon,58,50,True,1421,4901,0.011834319526627219
fewnerd,supervised,fine,BIO,k50_seed42,50,42,art-broadcastprogram,56,50,True,1395,4989,0.011224694327520546
fewnerd,supervised,fine,BIO,k50_seed42,50,42,art-film,54,50,True,1395,4989,0.010823812387251955
fewnerd,supervised,fine,BIO,k50_seed42,50,42,art-music,55,50,True,1395,4989,0.01102425335738625
fewnerd,supervised,fine,BIO,k50_seed42,50,42,art-other,61,50,True,1395,4989,0.012226899178192023
fewnerd,supervised,fine,BIO,k50_seed42,50,42,art-painting,51,50,True,1395,4989,0.010222489476849068
fewnerd,supervised,fine,BIO,k50_seed42,50,42,art-writtenart,50,50,True,1395,4989,0.010022048506714773
fewnerd,supervised,fine,BIO,k50_seed42,50,42,building-airport,52,50,True,1395,4989,0.010422930446983364
fewnerd,supervised,fine,BIO,k50_seed42,50,42,building-hospital,59,50,True,1395,4989,0.011826017237923432
fewnerd,supervised,fine,BIO,k50_seed42,50,42,building-hotel,54,50,True,1395,4989,0.010823812387251955
fewnerd,supervised,fine,BIO,k50_seed42,50,42,building-library,56,50,True,1395,4989,0.011224694327520546
fewnerd,supervised,fine,BIO,k50_seed42,50,42,building-other,77,50,True,1395,4989,0.01543395470034075
fewnerd,supervised,fine,BIO,k50_seed42,50,42,building-restaurant,57,50,True,1395,4989,0.011425135297654841
fewnerd,supervised,fine,BIO,k50_seed42,50,42,building-sportsfacility,56,50,True,1395,4989,0.011224694327520546
fewnerd,supervised,fine,BIO,k50_seed42,50,42,building-theater,56,50,True,1395,4989,0.011224694327520546
fewnerd,supervised,fine,BIO,k50_seed42,50,42,event-attack/battle/war/militaryconflict,51,50,True,1395,4989,0.010222489476849068
fewnerd,supervised,fine,BIO,k50_seed42,50,42,event-disaster,50,50,True,1395,4989,0.010022048506714773
fewnerd,supervised,fine,BIO,k50_seed42,50,42,event-election,55,50,True,1395,4989,0.01102425335738625
fewnerd,supervised,fine,BIO,k50_seed42,50,42,event-other,55,50,True,1395,4989,0.01102425335738625
fewnerd,supervised,fine,BIO,k50_seed42,50,42,event-protest,57,50,True,1395,4989,0.011425135297654841
fewnerd,supervised,fine,BIO,k50_seed42,50,42,event-sportsevent,50,50,True,1395,4989,0.010022048506714773
fewnerd,supervised,fine,BIO,k50_seed42,50,42,location-GPE,781,50,True,1395,4989,0.15654439767488473
fewnerd,supervised,fine,BIO,k50_seed42,50,42,location-bodiesofwater,54,50,True,1395,4989,0.010823812387251955
fewnerd,supervised,fine,BIO,k50_seed42,50,42,location-island,59,50,True,1395,4989,0.011826017237923432
fewnerd,supervised,fine,BIO,k50_seed42,50,42,location-mountain,53,50,True,1395,4989,0.01062337141711766
fewnerd,supervised,fine,BIO,k50_seed42,50,42,location-other,101,50,True,1395,4989,0.02024453798356384
fewnerd,supervised,fine,BIO,k50_seed42,50,42,location-park,60,50,True,1395,4989,0.012026458208057728
fewnerd,supervised,fine,BIO,k50_seed42,50,42,location-road/railway/highway/transit,50,50,True,1395,4989,0.010022048506714773
fewnerd,supervised,fine,BIO,k50_seed42,50,42,organization-company,140,50,True,1395,4989,0.028061735818801364
fewnerd,supervised,fine,BIO,k50_seed42,50,42,organization-education,75,50,True,1395,4989,0.01503307276007216
fewnerd,supervised,fine,BIO,k50_seed42,50,42,organization-government/governmentagency,51,50,True,1395,4989,0.010222489476849068
fewnerd,supervised,fine,BIO,k50_seed42,50,42,organization-media/newspaper,51,50,True,1395,4989,0.010222489476849068
fewnerd,supervised,fine,BIO,k50_seed42,50,42,organization-other,163,50,True,1395,4989,0.03267187813189016
fewnerd,supervised,fine,BIO,k50_seed42,50,42,organization-politicalparty,52,50,True,1395,4989,0.010422930446983364
fewnerd,supervised,fine,BIO,k50_seed42,50,42,organization-religion,52,50,True,1395,4989,0.010422930446983364
fewnerd,supervised,fine,BIO,k50_seed42,50,42,organization-showorganization,53,50,True,1395,4989,0.01062337141711766
fewnerd,supervised,fine,BIO,k50_seed42,50,42,organization-sportsleague,53,50,True,1395,4989,0.01062337141711766
fewnerd,supervised,fine,BIO,k50_seed42,50,42,organization-sportsteam,67,50,True,1395,4989,0.013429544998997796
fewnerd,supervised,fine,BIO,k50_seed42,50,42,other-astronomything,51,50,True,1395,4989,0.010222489476849068
fewnerd,supervised,fine,BIO,k50_seed42,50,42,other-award,58,50,True,1395,4989,0.011625576267789137
fewnerd,supervised,fine,BIO,k50_seed42,50,42,other-biologything,50,50,True,1395,4989,0.010022048506714773
fewnerd,supervised,fine,BIO,k50_seed42,50,42,other-chemicalthing,51,50,True,1395,4989,0.010222489476849068
fewnerd,supervised,fine,BIO,k50_seed42,50,42,other-currency,51,50,True,1395,4989,0.010222489476849068
fewnerd,supervised,fine,BIO,k50_seed42,50,42,other-disease,53,50,True,1395,4989,0.01062337141711766
fewnerd,supervised,fine,BIO,k50_seed42,50,42,other-educationaldegree,52,50,True,1395,4989,0.010422930446983364
fewnerd,supervised,fine,BIO,k50_seed42,50,42,other-god,54,50,True,1395,4989,0.010823812387251955
fewnerd,supervised,fine,BIO,k50_seed42,50,42,other-language,52,50,True,1395,4989,0.010422930446983364
fewnerd,supervised,fine,BIO,k50_seed42,50,42,other-law,53,50,True,1395,4989,0.01062337141711766
fewnerd,supervised,fine,BIO,k50_seed42,50,42,other-livingthing,55,50,True,1395,4989,0.01102425335738625
fewnerd,supervised,fine,BIO,k50_seed42,50,42,other-medical,68,50,True,1395,4989,0.013629985969132091
fewnerd,supervised,fine,BIO,k50_seed42,50,42,person-actor,86,50,True,1395,4989,0.01723792343154941
fewnerd,supervised,fine,BIO,k50_seed42,50,42,person-artist/author,157,50,True,1395,4989,0.03146923231108439
fewnerd,supervised,fine,BIO,k50_seed42,50,42,person-athlete,55,50,True,1395,4989,0.01102425335738625
fewnerd,supervised,fine,BIO,k50_seed42,50,42,person-director,59,50,True,1395,4989,0.011826017237923432
fewnerd,supervised,fine,BIO,k50_seed42,50,42,person-other,244,50,True,1395,4989,0.04890759671276809
fewnerd,supervised,fine,BIO,k50_seed42,50,42,person-politician,100,50,True,1395,4989,0.020044097013429546
fewnerd,supervised,fine,BIO,k50_seed42,50,42,person-scholar,64,50,True,1395,4989,0.01282822208859491
fewnerd,supervised,fine,BIO,k50_seed42,50,42,person-soldier,59,50,True,1395,4989,0.011826017237923432
fewnerd,supervised,fine,BIO,k50_seed42,50,42,product-airplane,53,50,True,1395,4989,0.01062337141711766
fewnerd,supervised,fine,BIO,k50_seed42,50,42,product-car,52,50,True,1395,4989,0.010422930446983364
fewnerd,supervised,fine,BIO,k50_seed42,50,42,product-food,55,50,True,1395,4989,0.01102425335738625
fewnerd,supervised,fine,BIO,k50_seed42,50,42,product-game,51,50,True,1395,4989,0.010222489476849068
fewnerd,supervised,fine,BIO,k50_seed42,50,42,product-other,51,50,True,1395,4989,0.010222489476849068
fewnerd,supervised,fine,BIO,k50_seed42,50,42,product-ship,65,50,True,1395,4989,0.013028663058729205
fewnerd,supervised,fine,BIO,k50_seed42,50,42,product-software,50,50,True,1395,4989,0.010022048506714773
fewnerd,supervised,fine,BIO,k50_seed42,50,42,product-train,51,50,True,1395,4989,0.010222489476849068
fewnerd,supervised,fine,BIO,k50_seed42,50,42,product-weapon,62,50,True,1395,4989,0.012427340148326319
fewnerd,supervised,fine,BIO,k5_seed142,5,142,art-broadcastprogram,7,5,True,159,524,0.013358778625954198
fewnerd,supervised,fine,BIO,k5_seed142,5,142,art-film,5,5,True,159,524,0.009541984732824428
fewnerd,supervised,fine,BIO,k5_seed142,5,142,art-music,7,5,True,159,524,0.013358778625954198
fewnerd,supervised,fine,BIO,k5_seed142,5,142,art-other,5,5,True,159,524,0.009541984732824428
fewnerd,supervised,fine,BIO,k5_seed142,5,142,art-painting,5,5,True,159,524,0.009541984732824428
fewnerd,supervised,fine,BIO,k5_seed142,5,142,art-writtenart,5,5,True,159,524,0.009541984732824428
fewnerd,supervised,fine,BIO,k5_seed142,5,142,building-airport,6,5,True,159,524,0.011450381679389313
fewnerd,supervised,fine,BIO,k5_seed142,5,142,building-hospital,5,5,True,159,524,0.009541984732824428
fewnerd,supervised,fine,BIO,k5_seed142,5,142,building-hotel,5,5,True,159,524,0.009541984732824428
fewnerd,supervised,fine,BIO,k5_seed142,5,142,building-library,5,5,True,159,524,0.009541984732824428
fewnerd,supervised,fine,BIO,k5_seed142,5,142,building-other,5,5,True,159,524,0.009541984732824428
fewnerd,supervised,fine,BIO,k5_seed142,5,142,building-restaurant,6,5,True,159,524,0.011450381679389313
fewnerd,supervised,fine,BIO,k5_seed142,5,142,building-sportsfacility,5,5,True,159,524,0.009541984732824428
fewnerd,supervised,fine,BIO,k5_seed142,5,142,building-theater,6,5,True,159,524,0.011450381679389313
fewnerd,supervised,fine,BIO,k5_seed142,5,142,event-attack/battle/war/militaryconflict,5,5,True,159,524,0.009541984732824428
fewnerd,supervised,fine,BIO,k5_seed142,5,142,event-disaster,5,5,True,159,524,0.009541984732824428
fewnerd,supervised,fine,BIO,k5_seed142,5,142,event-election,5,5,True,159,524,0.009541984732824428
fewnerd,supervised,fine,BIO,k5_seed142,5,142,event-other,6,5,True,159,524,0.011450381679389313
fewnerd,supervised,fine,BIO,k5_seed142,5,142,event-protest,5,5,True,159,524,0.009541984732824428
fewnerd,supervised,fine,BIO,k5_seed142,5,142,event-sportsevent,5,5,True,159,524,0.009541984732824428
fewnerd,supervised,fine,BIO,k5_seed142,5,142,location-GPE,74,5,True,159,524,0.14122137404580154
fewnerd,supervised,fine,BIO,k5_seed142,5,142,location-bodiesofwater,6,5,True,159,524,0.011450381679389313
fewnerd,supervised,fine,BIO,k5_seed142,5,142,location-island,5,5,True,159,524,0.009541984732824428
fewnerd,supervised,fine,BIO,k5_seed142,5,142,location-mountain,5,5,True,159,524,0.009541984732824428
fewnerd,supervised,fine,BIO,k5_seed142,5,142,location-other,7,5,True,159,524,0.013358778625954198
fewnerd,supervised,fine,BIO,k5_seed142,5,142,location-park,7,5,True,159,524,0.013358778625954198
fewnerd,supervised,fine,BIO,k5_seed142,5,142,location-road/railway/highway/transit,9,5,True,159,524,0.01717557251908397
fewnerd,supervised,fine,BIO,k5_seed142,5,142,organization-company,18,5,True,159,524,0.03435114503816794
fewnerd,supervised,fine,BIO,k5_seed142,5,142,organization-education,8,5,True,159,524,0.015267175572519083
fewnerd,supervised,fine,BIO,k5_seed142,5,142,organization-government/governmentagency,7,5,True,159,524,0.013358778625954198
fewnerd,supervised,fine,BIO,k5_seed142,5,142,organization-media/newspaper,6,5,True,159,524,0.011450381679389313
fewnerd,supervised,fine,BIO,k5_seed142,5,142,organization-other,15,5,True,159,524,0.02862595419847328
fewnerd,supervised,fine,BIO,k5_seed142,5,142,organization-politicalparty,5,5,True,159,524,0.009541984732824428
fewnerd,supervised,fine,BIO,k5_seed142,5,142,organization-religion,5,5,True,159,524,0.009541984732824428
fewnerd,supervised,fine,BIO,k5_seed142,5,142,organization-showorganization,6,5,True,159,524,0.011450381679389313
fewnerd,supervised,fine,BIO,k5_seed142,5,142,organization-sportsleague,9,5,True,159,524,0.01717557251908397
fewnerd,supervised,fine,BIO,k5_seed142,5,142,organization-sportsteam,6,5,True,159,524,0.011450381679389313
fewnerd,supervised,fine,BIO,k5_seed142,5,142,other-astronomything,5,5,True,159,524,0.009541984732824428
fewnerd,supervised,fine,BIO,k5_seed142,5,142,other-award,5,5,True,159,524,0.009541984732824428
fewnerd,supervised,fine,BIO,k5_seed142,5,142,other-biologything,5,5,True,159,524,0.009541984732824428
fewnerd,supervised,fine,BIO,k5_seed142,5,142,other-chemicalthing,5,5,True,159,524,0.009541984732824428
fewnerd,supervised,fine,BIO,k5_seed142,5,142,other-currency,5,5,True,159,524,0.009541984732824428
fewnerd,supervised,fine,BIO,k5_seed142,5,142,other-disease,7,5,True,159,524,0.013358778625954198
fewnerd,supervised,fine,BIO,k5_seed142,5,142,other-educationaldegree,6,5,True,159,524,0.011450381679389313
fewnerd,supervised,fine,BIO,k5_seed142,5,142,other-god,6,5,True,159,524,0.011450381679389313
fewnerd,supervised,fine,BIO,k5_seed142,5,142,other-language,9,5,True,159,524,0.01717557251908397
fewnerd,supervised,fine,BIO,k5_seed142,5,142,other-law,7,5,True,159,524,0.013358778625954198
fewnerd,supervised,fine,BIO,k5_seed142,5,142,other-livingthing,5,5,True,159,524,0.009541984732824428
fewnerd,supervised,fine,BIO,k5_seed142,5,142,other-medical,20,5,True,159,524,0.03816793893129771
fewnerd,supervised,fine,BIO,k5_seed142,5,142,person-actor,6,5,True,159,524,0.011450381679389313
fewnerd,supervised,fine,BIO,k5_seed142,5,142,person-artist/author,9,5,True,159,524,0.01717557251908397
fewnerd,supervised,fine,BIO,k5_seed142,5,142,person-athlete,7,5,True,159,524,0.013358778625954198
fewnerd,supervised,fine,BIO,k5_seed142,5,142,person-director,5,5,True,159,524,0.009541984732824428
fewnerd,supervised,fine,BIO,k5_seed142,5,142,person-other,23,5,True,159,524,0.04389312977099236
fewnerd,supervised,fine,BIO,k5_seed142,5,142,person-politician,9,5,True,159,524,0.01717557251908397
fewnerd,supervised,fine,BIO,k5_seed142,5,142,person-scholar,5,5,True,159,524,0.009541984732824428
fewnerd,supervised,fine,BIO,k5_seed142,5,142,person-soldier,9,5,True,159,524,0.01717557251908397
fewnerd,supervised,fine,BIO,k5_seed142,5,142,product-airplane,6,5,True,159,524,0.011450381679389313
fewnerd,supervised,fine,BIO,k5_seed142,5,142,product-car,6,5,True,159,524,0.011450381679389313
fewnerd,supervised,fine,BIO,k5_seed142,5,142,product-food,6,5,True,159,524,0.011450381679389313
fewnerd,supervised,fine,BIO,k5_seed142,5,142,product-game,9,5,True,159,524,0.01717557251908397
fewnerd,supervised,fine,BIO,k5_seed142,5,142,product-other,8,5,True,159,524,0.015267175572519083
fewnerd,supervised,fine,BIO,k5_seed142,5,142,product-ship,6,5,True,159,524,0.011450381679389313
fewnerd,supervised,fine,BIO,k5_seed142,5,142,product-software,8,5,True,159,524,0.015267175572519083
fewnerd,supervised,fine,BIO,k5_seed142,5,142,product-train,6,5,True,159,524,0.011450381679389313
fewnerd,supervised,fine,BIO,k5_seed142,5,142,product-weapon,5,5,True,159,524,0.009541984732824428
fewnerd,supervised,fine,BIO,k5_seed242,5,242,art-broadcastprogram,8,5,True,173,567,0.014109347442680775
fewnerd,supervised,fine,BIO,k5_seed242,5,242,art-film,6,5,True,173,567,0.010582010582010581
fewnerd,supervised,fine,BIO,k5_seed242,5,242,art-music,5,5,True,173,567,0.008818342151675485
fewnerd,supervised,fine,BIO,k5_seed242,5,242,art-other,5,5,True,173,567,0.008818342151675485
fewnerd,supervised,fine,BIO,k5_seed242,5,242,art-painting,5,5,True,173,567,0.008818342151675485
fewnerd,supervised,fine,BIO,k5_seed242,5,242,art-writtenart,5,5,True,173,567,0.008818342151675485
fewnerd,supervised,fine,BIO,k5_seed242,5,242,building-airport,6,5,True,173,567,0.010582010582010581
fewnerd,supervised,fine,BIO,k5_seed242,5,242,building-hospital,5,5,True,173,567,0.008818342151675485
fewnerd,supervised,fine,BIO,k5_seed242,5,242,building-hotel,5,5,True,173,567,0.008818342151675485
fewnerd,supervised,fine,BIO,k5_seed242,5,242,building-library,6,5,True,173,567,0.010582010582010581
fewnerd,supervised,fine,BIO,k5_seed242,5,242,building-other,23,5,True,173,567,0.04056437389770723
fewnerd,supervised,fine,BIO,k5_seed242,5,242,building-restaurant,8,5,True,173,567,0.014109347442680775
fewnerd,supervised,fine,BIO,k5_seed242,5,242,building-sportsfacility,8,5,True,173,567,0.014109347442680775
fewnerd,supervised,fine,BIO,k5_seed242,5,242,building-theater,5,5,True,173,567,0.008818342151675485
fewnerd,supervised,fine,BIO,k5_seed242,5,242,event-attack/battle/war/militaryconflict,5,5,True,173,567,0.008818342151675485
fewnerd,supervised,fine,BIO,k5_seed242,5,242,event-disaster,5,5,True,173,567,0.008818342151675485
fewnerd,supervised,fine,BIO,k5_seed242,5,242,event-election,5,5,True,173,567,0.008818342151675485
fewnerd,supervised,fine,BIO,k5_seed242,5,242,event-other,6,5,True,173,567,0.010582010582010581
fewnerd,supervised,fine,BIO,k5_seed242,5,242,event-protest,5,5,True,173,567,0.008818342151675485
fewnerd,supervised,fine,BIO,k5_seed242,5,242,event-sportsevent,5,5,True,173,567,0.008818342151675485
fewnerd,supervised,fine,BIO,k5_seed242,5,242,location-GPE,89,5,True,173,567,0.15696649029982362
fewnerd,supervised,fine,BIO,k5_seed242,5,242,location-bodiesofwater,5,5,True,173,567,0.008818342151675485
fewnerd,supervised,fine,BIO,k5_seed242,5,242,location-island,9,5,True,173,567,0.015873015873015872
fewnerd,supervised,fine,BIO,k5_seed242,5,242,location-mountain,10,5,True,173,567,0.01763668430335097
fewnerd,supervised,fine,BIO,k5_seed242,5,242,location-other,14,5,True,173,567,0.024691358024691357
fewnerd,supervised,fine,BIO,k5_seed242,5,242,location-park,6,5,True,173,567,0.010582010582010581
fewnerd,supervised,fine,BIO,k5_seed242,5,242,location-road/railway/highway/transit,6,5,True,173,567,0.010582010582010581
fewnerd,supervised,fine,BIO,k5_seed242,5,242,organization-company,10,5,True,173,567,0.01763668430335097
fewnerd,supervised,fine,BIO,k5_seed242,5,242,organization-education,10,5,True,173,567,0.01763668430335097
fewnerd,supervised,fine,BIO,k5_seed242,5,242,organization-government/governmentagency,5,5,True,173,567,0.008818342151675485
fewnerd,supervised,fine,BIO,k5_seed242,5,242,organization-media/newspaper,6,5,True,173,567,0.010582010582010581
fewnerd,supervised,fine,BIO,k5_seed242,5,242,organization-other,13,5,True,173,567,0.02292768959435626
fewnerd,supervised,fine,BIO,k5_seed242,5,242,organization-politicalparty,8,5,True,173,567,0.014109347442680775
fewnerd,supervised,fine,BIO,k5_seed242,5,242,organization-religion,8,5,True,173,567,0.014109347442680775
fewnerd,supervised,fine,BIO,k5_seed242,5,242,organization-showorganization,7,5,True,173,567,0.012345679012345678
fewnerd,supervised,fine,BIO,k5_seed242,5,242,organization-sportsleague,5,5,True,173,567,0.008818342151675485
fewnerd,supervised,fine,BIO,k5_seed242,5,242,organization-sportsteam,8,5,True,173,567,0.014109347442680775
fewnerd,supervised,fine,BIO,k5_seed242,5,242,other-astronomything,6,5,True,173,567,0.010582010582010581
fewnerd,supervised,fine,BIO,k5_seed242,5,242,other-award,7,5,True,173,567,0.012345679012345678
fewnerd,supervised,fine,BIO,k5_seed242,5,242,other-biologything,5,5,True,173,567,0.008818342151675485
fewnerd,supervised,fine,BIO,k5_seed242,5,242,other-chemicalthing,7,5,True,173,567,0.012345679012345678
fewnerd,supervised,fine,BIO,k5_seed242,5,242,other-currency,5,5,True,173,567,0.008818342151675485
fewnerd,supervised,fine,BIO,k5_seed242,5,242,other-disease,7,5,True,173,567,0.012345679012345678
fewnerd,supervised,fine,BIO,k5_seed242,5,242,other-educationaldegree,5,5,True,173,567,0.008818342151675485
fewnerd,supervised,fine,BIO,k5_seed242,5,242,other-god,5,5,True,173,567,0.008818342151675485
fewnerd,supervised,fine,BIO,k5_seed242,5,242,other-language,6,5,True,173,567,0.010582010582010581
fewnerd,supervised,fine,BIO,k5_seed242,5,242,other-law,5,5,True,173,567,0.008818342151675485
fewnerd,supervised,fine,BIO,k5_seed242,5,242,other-livingthing,5,5,True,173,567,0.008818342151675485
fewnerd,supervised,fine,BIO,k5_seed242,5,242,other-medical,5,5,True,173,567,0.008818342151675485
fewnerd,supervised,fine,BIO,k5_seed242,5,242,person-actor,5,5,True,173,567,0.008818342151675485
fewnerd,supervised,fine,BIO,k5_seed242,5,242,person-artist/author,13,5,True,173,567,0.02292768959435626
fewnerd,supervised,fine,BIO,k5_seed242,5,242,person-athlete,10,5,True,173,567,0.01763668430335097
fewnerd,supervised,fine,BIO,k5_seed242,5,242,person-director,12,5,True,173,567,0.021164021164021163
fewnerd,supervised,fine,BIO,k5_seed242,5,242,person-other,26,5,True,173,567,0.04585537918871252
fewnerd,supervised,fine,BIO,k5_seed242,5,242,person-politician,5,5,True,173,567,0.008818342151675485
fewnerd,supervised,fine,BIO,k5_seed242,5,242,person-scholar,6,5,True,173,567,0.010582010582010581
fewnerd,supervised,fine,BIO,k5_seed242,5,242,person-soldier,8,5,True,173,567,0.014109347442680775
fewnerd,supervised,fine,BIO,k5_seed242,5,242,product-airplane,5,5,True,173,567,0.008818342151675485
fewnerd,supervised,fine,BIO,k5_seed242,5,242,product-car,5,5,True,173,567,0.008818342151675485
fewnerd,supervised,fine,BIO,k5_seed242,5,242,product-food,7,5,True,173,567,0.012345679012345678
fewnerd,supervised,fine,BIO,k5_seed242,5,242,product-game,7,5,True,173,567,0.012345679012345678
fewnerd,supervised,fine,BIO,k5_seed242,5,242,product-other,5,5,True,173,567,0.008818342151675485
fewnerd,supervised,fine,BIO,k5_seed242,5,242,product-ship,6,5,True,173,567,0.010582010582010581
fewnerd,supervised,fine,BIO,k5_seed242,5,242,product-software,10,5,True,173,567,0.01763668430335097
fewnerd,supervised,fine,BIO,k5_seed242,5,242,product-train,14,5,True,173,567,0.024691358024691357
fewnerd,supervised,fine,BIO,k5_seed242,5,242,product-weapon,5,5,True,173,567,0.008818342151675485
fewnerd,supervised,fine,BIO,k5_seed42,5,42,art-broadcastprogram,6,5,True,164,552,0.010869565217391304
fewnerd,supervised,fine,BIO,k5_seed42,5,42,art-film,6,5,True,164,552,0.010869565217391304
fewnerd,supervised,fine,BIO,k5_seed42,5,42,art-music,7,5,True,164,552,0.012681159420289856
fewnerd,supervised,fine,BIO,k5_seed42,5,42,art-other,8,5,True,164,552,0.014492753623188406
fewnerd,supervised,fine,BIO,k5_seed42,5,42,art-painting,5,5,True,164,552,0.009057971014492754
fewnerd,supervised,fine,BIO,k5_seed42,5,42,art-writtenart,7,5,True,164,552,0.012681159420289856
fewnerd,supervised,fine,BIO,k5_seed42,5,42,building-airport,6,5,True,164,552,0.010869565217391304
fewnerd,supervised,fine,BIO,k5_seed42,5,42,building-hospital,8,5,True,164,552,0.014492753623188406
fewnerd,supervised,fine,BIO,k5_seed42,5,42,building-hotel,6,5,True,164,552,0.010869565217391304
fewnerd,supervised,fine,BIO,k5_seed42,5,42,building-library,7,5,True,164,552,0.012681159420289856
fewnerd,supervised,fine,BIO,k5_seed42,5,42,building-other,16,5,True,164,552,0.028985507246376812
fewnerd,supervised,fine,BIO,k5_seed42,5,42,building-restaurant,6,5,True,164,552,0.010869565217391304
fewnerd,supervised,fine,BIO,k5_seed42,5,42,building-sportsfacility,7,5,True,164,552,0.012681159420289856
fewnerd,supervised,fine,BIO,k5_seed42,5,42,building-theater,6,5,True,164,552,0.010869565217391304
fewnerd,supervised,fine,BIO,k5_seed42,5,42,event-attack/battle/war/militaryconflict,5,5,True,164,552,0.009057971014492754
fewnerd,supervised,fine,BIO,k5_seed42,5,42,event-disaster,5,5,True,164,552,0.009057971014492754
fewnerd,supervised,fine,BIO,k5_seed42,5,42,event-election,5,5,True,164,552,0.009057971014492754
fewnerd,supervised,fine,BIO,k5_seed42,5,42,event-other,6,5,True,164,552,0.010869565217391304
fewnerd,supervised,fine,BIO,k5_seed42,5,42,event-protest,7,5,True,164,552,0.012681159420289856
fewnerd,supervised,fine,BIO,k5_seed42,5,42,event-sportsevent,7,5,True,164,552,0.012681159420289856
fewnerd,supervised,fine,BIO,k5_seed42,5,42,location-GPE,71,5,True,164,552,0.1286231884057971
fewnerd,supervised,fine,BIO,k5_seed42,5,42,location-bodiesofwater,5,5,True,164,552,0.009057971014492754
fewnerd,supervised,fine,BIO,k5_seed42,5,42,location-island,5,5,True,164,552,0.009057971014492754
fewnerd,supervised,fine,BIO,k5_seed42,5,42,location-mountain,6,5,True,164,552,0.010869565217391304
fewnerd,supervised,fine,BIO,k5_seed42,5,42,location-other,10,5,True,164,552,0.018115942028985508
fewnerd,supervised,fine,BIO,k5_seed42,5,42,location-park,5,5,True,164,552,0.009057971014492754
fewnerd,supervised,fine,BIO,k5_seed42,5,42,location-road/railway/highway/transit,8,5,True,164,552,0.014492753623188406
fewnerd,supervised,fine,BIO,k5_seed42,5,42,organization-company,20,5,True,164,552,0.036231884057971016
fewnerd,supervised,fine,BIO,k5_seed42,5,42,organization-education,7,5,True,164,552,0.012681159420289856
fewnerd,supervised,fine,BIO,k5_seed42,5,42,organization-government/governmentagency,5,5,True,164,552,0.009057971014492754
fewnerd,supervised,fine,BIO,k5_seed42,5,42,organization-media/newspaper,5,5,True,164,552,0.009057971014492754
fewnerd,supervised,fine,BIO,k5_seed42,5,42,organization-other,18,5,True,164,552,0.03260869565217391
fewnerd,supervised,fine,BIO,k5_seed42,5,42,organization-politicalparty,5,5,True,164,552,0.009057971014492754
fewnerd,supervised,fine,BIO,k5_seed42,5,42,organization-religion,6,5,True,164,552,0.010869565217391304
fewnerd,supervised,fine,BIO,k5_seed42,5,42,organization-showorganization,6,5,True,164,552,0.010869565217391304
fewnerd,supervised,fine,BIO,k5_seed42,5,42,organization-sportsleague,6,5,True,164,552,0.010869565217391304
fewnerd,supervised,fine,BIO,k5_seed42,5,42,organization-sportsteam,7,5,True,164,552,0.012681159420289856
fewnerd,supervised,fine,BIO,k5_seed42,5,42,other-astronomything,6,5,True,164,552,0.010869565217391304
fewnerd,supervised,fine,BIO,k5_seed42,5,42,other-award,6,5,True,164,552,0.010869565217391304
fewnerd,supervised,fine,BIO,k5_seed42,5,42,other-biologything,13,5,True,164,552,0.02355072463768116
fewnerd,supervised,fine,BIO,k5_seed42,5,42,other-chemicalthing,7,5,True,164,552,0.012681159420289856
fewnerd,supervised,fine,BIO,k5_seed42,5,42,other-currency,8,5,True,164,552,0.014492753623188406
fewnerd,supervised,fine,BIO,k5_seed42,5,42,other-disease,5,5,True,164,552,0.009057971014492754
fewnerd,supervised,fine,BIO,k5_seed42,5,42,other-educationaldegree,5,5,True,164,552,0.009057971014492754
fewnerd,supervised,fine,BIO,k5_seed42,5,42,other-god,5,5,True,164,552,0.009057971014492754
fewnerd,supervised,fine,BIO,k5_seed42,5,42,other-language,5,5,True,164,552,0.009057971014492754
fewnerd,supervised,fine,BIO,k5_seed42,5,42,other-law,5,5,True,164,552,0.009057971014492754
fewnerd,supervised,fine,BIO,k5_seed42,5,42,other-livingthing,5,5,True,164,552,0.009057971014492754
fewnerd,supervised,fine,BIO,k5_seed42,5,42,other-medical,10,5,True,164,552,0.018115942028985508
fewnerd,supervised,fine,BIO,k5_seed42,5,42,person-actor,9,5,True,164,552,0.016304347826086956
fewnerd,supervised,fine,BIO,k5_seed42,5,42,person-artist/author,11,5,True,164,552,0.019927536231884056
fewnerd,supervised,fine,BIO,k5_seed42,5,42,person-athlete,6,5,True,164,552,0.010869565217391304
fewnerd,supervised,fine,BIO,k5_seed42,5,42,person-director,6,5,True,164,552,0.010869565217391304
fewnerd,supervised,fine,BIO,k5_seed42,5,42,person-other,27,5,True,164,552,0.04891304347826087
fewnerd,supervised,fine,BIO,k5_seed42,5,42,person-politician,15,5,True,164,552,0.02717391304347826
fewnerd,supervised,fine,BIO,k5_seed42,5,42,person-scholar,6,5,True,164,552,0.010869565217391304
fewnerd,supervised,fine,BIO,k5_seed42,5,42,person-soldier,6,5,True,164,552,0.010869565217391304
fewnerd,supervised,fine,BIO,k5_seed42,5,42,product-airplane,5,5,True,164,552,0.009057971014492754
fewnerd,supervised,fine,BIO,k5_seed42,5,42,product-car,6,5,True,164,552,0.010869565217391304
fewnerd,supervised,fine,BIO,k5_seed42,5,42,product-food,5,5,True,164,552,0.009057971014492754
fewnerd,supervised,fine,BIO,k5_seed42,5,42,product-game,9,5,True,164,552,0.016304347826086956
fewnerd,supervised,fine,BIO,k5_seed42,5,42,product-other,5,5,True,164,552,0.009057971014492754
fewnerd,supervised,fine,BIO,k5_seed42,5,42,product-ship,8,5,True,164,552,0.014492753623188406
fewnerd,supervised,fine,BIO,k5_seed42,5,42,product-software,5,5,True,164,552,0.009057971014492754
fewnerd,supervised,fine,BIO,k5_seed42,5,42,product-train,7,5,True,164,552,0.012681159420289856
fewnerd,supervised,fine,BIO,k5_seed42,5,42,product-weapon,5,5,True,164,552,0.009057971014492754
