Split_Name,K_shot,Split_Seed,Run_Index,Eval_Split,N_Train_Sentences,N_Eval_Sentences,Max_Train_Steps,Train_Steps,Best_Span_F1_Step,Early_Stopped,Train_Batch_Size,Eval_Batch_Size,Learning_Rate,HF_Token_Precision,HF_Token_Recall,HF_Token_F1,HF_Token_Accuracy,Span_Strict_Precision,Span_Strict_Recall,Span_Strict_F1,Span_Unlabeled_Precision,Span_Unlabeled_Recall,Span_Unlabeled_F1,Span_Loose_Precision,Span_Loose_Recall,Span_Loose_F1
k10_seed142,10,142,0,mini_eval,22,200,600,600,600,0,16,16,2e-05,0.5173410404624278,0.540785498489426,0.5288035450516986,0.9304677623261695,0.5379939209726444,0.5347432024169184,0.5363636363636364,0.7811550151975684,0.7764350453172205,0.7787878787878787,0.6474164133738601,0.5981873111782477,0.6218290390357182
k10_seed142,10,142,0,validation,22,2992,600,600,600,0,16,16,2e-05,0.5402257007644703,0.5345821325648416,0.5373891001267427,0.9221791505147764,0.5530509133307423,0.5126080691642652,0.532062067676201,0.7800233190827828,0.7229827089337176,0.7504206393718453,0.6515740380878352,0.5770893371757925,0.6120739615606814
k10_seed142,10,142,0,test,22,3453,600,600,600,0,16,16,2e-05,0.5085470085470085,0.5271084337349398,0.5176613885505481,0.917594846715643,0.5213287347976039,0.5088589652728561,0.515018380704743,0.7382465057179162,0.7205882352941176,0.7293104994171972,0.6422218188418951,0.5931963146704465,0.6167363191519116
k10_seed242,10,242,1,mini_eval,21,200,600,600,585,0,16,16,2e-05,0.47540983606557374,0.4380664652567976,0.45597484276729555,0.9121365360303414,0.5,0.44108761329305135,0.46869983948635635,0.7397260273972602,0.6525679758308157,0.6934189406099518,0.6164383561643836,0.5105740181268882,0.5585340775558166
k10_seed242,10,242,1,validation,21,2992,600,600,585,0,16,16,2e-05,0.487776708373436,0.4564121037463977,0.4715734623615893,0.9104039014630486,0.5172834485563237,0.45821325648414984,0.4859598853868195,0.7124847498983327,0.6311239193083573,0.6693409742120344,0.6689711264741764,0.5515129682997119,0.6045900200558164
k10_seed242,10,242,1,test,21,3453,600,600,585,0,16,16,2e-05,0.490150842945874,0.4893692416725726,0.4897597304725596,0.9116487493806149,0.5078081940106559,0.4897236002834869,0.4986019662667989,0.6873047951497336,0.6628277817150957,0.6748444123748535,0.6613999632555576,0.5894755492558469,0.6233699560319951
k10_seed42,10,42,2,mini_eval,17,200,600,600,465,0,16,16,2e-05,0.6013513513513513,0.5377643504531722,0.5677830940988836,0.927307206068268,0.6285714285714286,0.5317220543806647,0.5761047463175123,0.8071428571428572,0.6827794561933535,0.7397708674304417,0.7285714285714285,0.595166163141994,0.6551465553780443
k10_seed42,10,42,2,validation,17,2992,600,600,465,0,16,16,2e-05,0.6124314442413162,0.5430475504322767,0.575656324582339,0.923846442415906,0.632061394159028,0.5340417867435159,0.5789319535292395,0.8143253037731827,0.6880403458213257,0.7458752318656644,0.7241526327009167,0.593299711815562,0.6522278397092494
k10_seed42,10,42,2,test,17,3453,600,600,465,0,16,16,2e-05,0.5440575763470142,0.49557051736357194,0.5186833565136764,0.9126397656031195,0.5574898785425101,0.4879518072289157,0.5204081632653061,0.7657894736842106,0.6702693125442948,0.7148526077097506,0.652834008097166,0.5496102055279943,0.5967914840460088
k20_seed142,20,142,3,mini_eval,40,200,600,600,495,0,16,16,2e-05,0.5519125683060109,0.6102719033232629,0.5796269727403156,0.9412136536030341,0.5682451253481894,0.6163141993957704,0.5913043478260869,0.7604456824512534,0.824773413897281,0.7913043478260869,0.6908077994428969,0.6978851963746223,0.6943284631280413
k20_seed142,20,142,3,validation,40,2992,600,600,495,0,16,16,2e-05,0.5661824710298679,0.6248198847262247,0.5940577104204127,0.9386853403359593,0.5859690444145357,0.6273414985590778,0.6059498956158664,0.7661507402422612,0.8202449567723343,0.792275574112735,0.7141655450874832,0.7161383285302594,0.7151505763026936
k20_seed142,20,142,3,test,40,3453,600,600,495,0,16,16,2e-05,0.5399090481417594,0.6100283486888731,0.5728308792945678,0.9323308270676691,0.5608688604311882,0.6130403968816442,0.585795310251418,0.7352893499756848,0.8036853295535081,0.7679674934394312,0.6876317069217053,0.7076541459957477,0.697499264833535
k20_seed242,20,242,4,mini_eval,39,200,600,600,600,0,16,16,2e-05,0.6096866096866097,0.6465256797583081,0.6275659824046921,0.9450063211125158,0.6239067055393586,0.6465256797583081,0.6350148367952522,0.7813411078717201,0.8096676737160121,0.7952522255192876,0.7346938775510204,0.7311178247734139,0.7329014890216203
k20_seed242,20,242,4,validation,39,2992,600,600,600,0,16,16,2e-05,0.6508561643835616,0.6846181556195965,0.6673103932584269,0.9461464715935143,0.6619348054679285,0.6802953890489913,0.6709895185645763,0.810900806168945,0.833393371757925,0.8219932492449813,0.7641079565369786,0.7463976945244957,0.7551490015628062
k20_seed242,20,242,4,test,39,3453,600,600,600,0,16,16,2e-05,0.6074386876725678,0.6626506024096386,0.6338445894415728,0.9413576922248315,0.6195797198132088,0.6582211197732105,0.6383161512027491,0.7723482321547699,0.8205173635719348,0.795704467353952,0.7416611074049366,0.7400779588944011,0.7408686874004868
k20_seed42,20,42,5,mini_eval,37,200,600,600,285,0,16,16,2e-05,0.6049046321525886,0.6706948640483383,0.6361031518624642,0.9399494310998736,0.6177285318559557,0.6737160120845922,0.6445086705202312,0.778393351800554,0.8489425981873112,0.8121387283236995,0.7063711911357341,0.7401812688821753,0.7228811107897021
k20_seed42,20,42,5,validation,37,2992,600,600,285,0,16,16,2e-05,0.6661151555261416,0.7251440922190202,0.6943773715074163,0.9476470343045309,0.6900784180020457,0.729106628242075,0.7090558766859346,0.8169110126150699,0.8631123919308358,0.8393764231914522,0.7664507330378452,0.784942363112392,0.7755863437743317
k20_seed42,20,42,5,test,37,3453,600,600,285,0,16,16,2e-05,0.6331877729257642,0.693656980864635,0.6620444745074828,0.9400004308766184,0.6573005519317612,0.6963146704464919,0.6762453755484814,0.8110051848135139,0.8591424521615876,0.8343801084057472,0.7307242013714668,0.7492912827781715,0.739891278255469
k50_seed142,50,142,6,mini_eval,95,200,600,600,600,0,16,16,2e-05,0.7321937321937322,0.7764350453172205,0.75366568914956,0.9627054361567636,0.7744807121661721,0.7885196374622356,0.781437125748503,0.9169139465875371,0.9335347432024169,0.9251497005988024,0.8011869436201781,0.8126888217522659,0.8068968965076685
k50_seed142,50,142,6,validation,95,2992,600,600,600,0,16,16,2e-05,0.7566971854866056,0.8038544668587896,0.7795633187772925,0.9631111666875078,0.7921140644252772,0.8105187319884726,0.8012107184189441,0.911459250132019,0.9326368876080692,0.9219264666607319,0.8243267030452385,0.8357348703170029,0.829991587448216
k50_seed142,50,142,6,test,95,3453,600,600,600,0,16,16,2e-05,0.7257585751978892,0.7797661233167966,0.7517936453706867,0.9532067992330396,0.7561891753457401,0.7847271438695961,0.7701938961829408,0.8927778726310398,0.9264705882352942,0.9093122337188071,0.7848728017756531,0.8086463501063076,0.7965822383797836
k50_seed242,50,242,7,mini_eval,95,200,600,600,450,0,16,16,2e-05,0.6573033707865169,0.7069486404833837,0.6812227074235808,0.9541719342604298,0.6831395348837209,0.7099697885196374,0.6962962962962963,0.8343023255813954,0.8670694864048338,0.8503703703703703,0.752906976744186,0.770392749244713,0.7615495044652897
k50_seed242,50,242,7,validation,95,2992,600,600,450,0,16,16,2e-05,0.7310981867943893,0.7698126801152738,0.7499561326548518,0.957754991455129,0.7525555163905534,0.7690922190201729,0.7607340103331551,0.885266126189637,0.9047190201729106,0.8948868697666132,0.7989072964399013,0.8043948126801153,0.8016416636802998
k50_seed242,50,242,7,test,95,3453,600,600,450,0,16,16,2e-05,0.6884596334819217,0.7388377037562013,0.7127595931971626,0.9503199258892217,0.7121884602253329,0.7391920623671155,0.7254390540775518,0.8757255035848412,0.9089298369950389,0.892018779342723,0.7504267668146125,0.771793054571226,0.7609599592055963
k50_seed42,50,42,8,mini_eval,86,200,600,600,390,0,16,16,2e-05,0.654891304347826,0.7280966767371602,0.6895565092989987,0.952275600505689,0.6713091922005571,0.7280966767371602,0.6985507246376812,0.8189415041782729,0.8882175226586103,0.8521739130434782,0.7576601671309192,0.7915407854984894,0.7742299961975121
k50_seed42,50,42,8,validation,86,2992,600,600,390,0,16,16,2e-05,0.7059506050058014,0.7671109510086456,0.7352611135088477,0.9566087282731024,0.7362996048788868,0.7719740634005764,0.7537149388903542,0.8622229857412815,0.9039985590778098,0.8826167238195727,0.8026112351829583,0.8177233429394812,0.8100968172574553
k50_seed42,50,42,8,test,86,3453,600,600,390,0,16,16,2e-05,0.671239432126336,0.7455705173635719,0.7064551330479308,0.9499321369325894,0.7062052903011147,0.7521261516654855,0.7284427284427286,0.8462818166694394,0.9013111268603827,0.872930072930073,0.7687572783230744,0.7934089298369951,0.7808885972730158
k5_seed142,5,142,9,mini_eval,10,200,600,600,540,0,16,16,2e-05,0.38489208633093525,0.32326283987915405,0.35139573070607555,0.9013906447534766,0.39705882352941174,0.32628398791540786,0.3582089552238806,0.7058823529411765,0.5800604229607251,0.6368159203980099,0.5588235294117647,0.4199395770392749,0.4795279164775307
k5_seed142,5,142,9,validation,10,2992,600,600,540,0,16,16,2e-05,0.4217272536247111,0.3614913544668588,0.3892929880709921,0.8961485557083907,0.43704839062842127,0.3595100864553314,0.3945053859076984,0.7002408583315086,0.5760086455331412,0.6320782686036168,0.5708342456754981,0.44686599423631124,0.5012997005091031
k5_seed142,5,142,9,test,10,3453,600,600,540,0,16,16,2e-05,0.39223964616003215,0.3456768249468462,0.36748916933509135,0.8895878665144236,0.407384099014055,0.3440822111977321,0.37306694841994037,0.6782043213761275,0.5728206945428774,0.621073864182115,0.5431088735053493,0.43320340184266476,0.4819699956954626
k5_seed242,5,242,10,mini_eval,9,200,600,600,495,0,16,16,2e-05,0.6971830985915493,0.2990936555891239,0.41860465116279066,0.8979140328697851,0.7578125,0.2930513595166163,0.42265795206971685,0.859375,0.3323262839879154,0.4793028322440087,0.8203125,0.31419939577039274,0.4543657810972184
k5_seed242,5,242,10,validation,9,2992,600,600,495,0,16,16,2e-05,0.6291953093408815,0.2802593659942363,0.3877881619937694,0.8865407861281314,0.668804397617957,0.26296829971181557,0.37750484809308343,0.8002748511223088,0.3146613832853026,0.45171299288946354,0.7755382501145213,0.2979106628242075,0.43046503909465617
k5_seed242,5,242,10,test,9,3453,600,600,495,0,16,16,2e-05,0.6147816349384099,0.29181431608788094,0.395770755737114,0.8833401555464593,0.633957654723127,0.2758681785967399,0.3844444444444444,0.7577361563517915,0.32973068745570516,0.4595061728395062,0.756514657980456,0.31768249468462084,0.4474624852923004
k5_seed42,5,42,11,mini_eval,10,200,600,600,360,0,16,16,2e-05,0.45384615384615384,0.3564954682779456,0.39932318104906933,0.9026548672566371,0.5221674876847291,0.3202416918429003,0.3970037453183521,0.7536945812807881,0.4622356495468278,0.5730337078651685,0.6354679802955665,0.3685800604229607,0.4665530274957385
k5_seed42,5,42,11,validation,10,2992,600,600,360,0,16,16,2e-05,0.4648624061860359,0.3681556195965418,0.4108955673937079,0.8943353757659123,0.5404469625432798,0.30925792507204614,0.39340130599152257,0.7494491658797607,0.42885446685878964,0.5455378622980869,0.6509285489455461,0.3593299711815562,0.4630461056728889
k5_seed42,5,42,11,test,10,3453,600,600,360,0,16,16,2e-05,0.4373240961247023,0.35790219702338766,0.3936470817499756,0.8878859038714264,0.49645591153955204,0.3102409638554217,0.38185584996183625,0.6991777714771761,0.43692416725726435,0.5377821393523062,0.6277289481145449,0.3720765414599575,0.4672173106154016
